-- ==========================================================
-- MASTER DATA RESTORE BATERIAQ (FULL SCHEMA & DATA RECOVERY)
-- ==========================================================

-- 1. LIMPIEZA TOTAL
DROP TABLE IF EXISTS "_EnrolledOppositions" CASCADE;
DROP TABLE IF EXISTS "test_answers" CASCADE;
DROP TABLE IF EXISTS "tests" CASCADE;
DROP TABLE IF EXISTS "user_achievements" CASCADE;
DROP TABLE IF EXISTS "achievements" CASCADE;
DROP TABLE IF EXISTS "bookmarks" CASCADE;
DROP TABLE IF EXISTS "mistakes" CASCADE;
DROP TABLE IF EXISTS "user_progress" CASCADE;
DROP TABLE IF EXISTS "study_plans" CASCADE;
DROP TABLE IF EXISTS "streaks" CASCADE;
DROP TABLE IF EXISTS "sessions" CASCADE;
DROP TABLE IF EXISTS "questions" CASCADE;
DROP TABLE IF EXISTS "subtopics" CASCADE;
DROP TABLE IF EXISTS "topics" CASCADE;
DROP TABLE IF EXISTS "oppositions" CASCADE;
DROP TABLE IF EXISTS "users" CASCADE;

-- 2. ENUMS (PRISMA COMPATIBLE)
DO $$ BEGIN
    CREATE TYPE "Role" AS ENUM ('USER', 'ADMIN');
EXCEPTION WHEN duplicate_object THEN null; END $$;

DO $$ BEGIN
    CREATE TYPE "Difficulty" AS ENUM ('EASY', 'MEDIUM', 'HARD');
EXCEPTION WHEN duplicate_object THEN null; END $$;

DO $$ BEGIN
    CREATE TYPE "TestType" AS ENUM ('QUICK', 'TOPIC', 'EXAM_SIMULATION', 'ERROR_REVIEW', 'CUSTOM');
EXCEPTION WHEN duplicate_object THEN null; END $$;

DO $$ BEGIN
    CREATE TYPE "AchievementType" AS ENUM ('STREAK', 'ACCURACY', 'VOLUME', 'MASTERY', 'SPEED');
EXCEPTION WHEN duplicate_object THEN null; END $$;

-- 3. SCHEMA CREATION
CREATE TABLE "users" (
    "id" TEXT PRIMARY KEY,
    "name" VARCHAR(100) NOT NULL,
    "email" VARCHAR(255) UNIQUE NOT NULL,
    "password_hash" TEXT NOT NULL,
    "role" "Role" NOT NULL DEFAULT 'USER',
    "exam_date" TIMESTAMP(3),
    "dark_mode" BOOLEAN NOT NULL DEFAULT false,
    "notifications" BOOLEAN NOT NULL DEFAULT true,
    "created_at" TIMESTAMP(3) NOT NULL DEFAULT CURRENT_TIMESTAMP,
    "updated_at" TIMESTAMP(3) NOT NULL DEFAULT CURRENT_TIMESTAMP
);

CREATE TABLE "sessions" (
    "id" TEXT PRIMARY KEY,
    "user_id" TEXT NOT NULL REFERENCES "users"("id") ON DELETE CASCADE,
    "refresh_token" TEXT UNIQUE NOT NULL,
    "user_agent" VARCHAR(500),
    "ip_address" VARCHAR(45),
    "expires_at" TIMESTAMP(3) NOT NULL,
    "created_at" TIMESTAMP(3) NOT NULL DEFAULT CURRENT_TIMESTAMP
);

CREATE TABLE "oppositions" (
    "id" TEXT PRIMARY KEY,
    "name" VARCHAR(200) NOT NULL,
    "description" TEXT,
    "category" VARCHAR(100),
    "icon" VARCHAR(50),
    "created_at" TIMESTAMP(3) NOT NULL DEFAULT CURRENT_TIMESTAMP,
    "updated_at" TIMESTAMP(3) NOT NULL DEFAULT CURRENT_TIMESTAMP,
    "creator_id" TEXT REFERENCES "users"("id") ON DELETE SET NULL
);

CREATE TABLE "topics" (
    "id" TEXT PRIMARY KEY,
    "title" VARCHAR(200) NOT NULL,
    "description" TEXT,
    "order" INTEGER NOT NULL DEFAULT 0,
    "icon" VARCHAR(50),
    "color" VARCHAR(7),
    "is_active" BOOLEAN NOT NULL DEFAULT true,
    "created_at" TIMESTAMP(3) NOT NULL DEFAULT CURRENT_TIMESTAMP,
    "updated_at" TIMESTAMP(3) NOT NULL DEFAULT CURRENT_TIMESTAMP,
    "opposition_id" TEXT REFERENCES "oppositions"("id") ON DELETE CASCADE,
    "creator_id" TEXT REFERENCES "users"("id") ON DELETE SET NULL
);

CREATE TABLE "subtopics" (
    "id" TEXT PRIMARY KEY,
    "title" VARCHAR(200) NOT NULL,
    "order" INTEGER NOT NULL DEFAULT 0,
    "topic_id" TEXT NOT NULL REFERENCES "topics"("id") ON DELETE CASCADE,
    "created_at" TIMESTAMP(3) NOT NULL DEFAULT CURRENT_TIMESTAMP,
    "updated_at" TIMESTAMP(3) NOT NULL DEFAULT CURRENT_TIMESTAMP
);

CREATE TABLE "questions" (
    "id" TEXT PRIMARY KEY,
    "topic_id" TEXT NOT NULL REFERENCES "topics"("id") ON DELETE CASCADE,
    "question_text" TEXT NOT NULL,
    "options" JSONB NOT NULL,
    "correct_index" INTEGER NOT NULL,
    "explanation" TEXT,
    "difficulty" "Difficulty" NOT NULL DEFAULT 'MEDIUM',
    "is_active" BOOLEAN NOT NULL DEFAULT true,
    "created_at" TIMESTAMP(3) NOT NULL DEFAULT CURRENT_TIMESTAMP,
    "updated_at" TIMESTAMP(3) NOT NULL DEFAULT CURRENT_TIMESTAMP,
    "subtopic_id" TEXT REFERENCES "subtopics"("id") ON DELETE SET NULL
);

CREATE TABLE "user_progress" (
    "id" TEXT PRIMARY KEY,
    "user_id" TEXT NOT NULL REFERENCES "users"("id") ON DELETE CASCADE,
    "question_id" TEXT NOT NULL REFERENCES "questions"("id") ON DELETE CASCADE,
    "is_correct" BOOLEAN NOT NULL,
    "attempts" INTEGER NOT NULL DEFAULT 1,
    "last_attempt" TIMESTAMP(3) NOT NULL DEFAULT CURRENT_TIMESTAMP,
    "is_mastered" BOOLEAN NOT NULL DEFAULT false,
    "response_time" INTEGER,
    "next_review" TIMESTAMP(3),
    "ease_factor" DOUBLE PRECISION NOT NULL DEFAULT 2.5,
    "interval" INTEGER NOT NULL DEFAULT 1
);
CREATE UNIQUE INDEX "user_progress_user_id_question_id_key" ON "user_progress"("user_id", "question_id");

CREATE TABLE "streaks" (
    "id" TEXT PRIMARY KEY,
    "user_id" TEXT UNIQUE NOT NULL REFERENCES "users"("id") ON DELETE CASCADE,
    "current_streak" INTEGER NOT NULL DEFAULT 0,
    "max_streak" INTEGER NOT NULL DEFAULT 0,
    "last_study_date" TIMESTAMP(3),
    "current_no_fail" INTEGER NOT NULL DEFAULT 0,
    "max_no_fail" INTEGER NOT NULL DEFAULT 0
);

CREATE TABLE "tests" (
    "id" TEXT PRIMARY KEY,
    "user_id" TEXT NOT NULL REFERENCES "users"("id") ON DELETE CASCADE,
    "type" "TestType" NOT NULL DEFAULT 'QUICK',
    "score" DOUBLE PRECISION NOT NULL DEFAULT 0,
    "total_questions" INTEGER NOT NULL,
    "correct_answers" INTEGER NOT NULL DEFAULT 0,
    "time_spent" INTEGER NOT NULL DEFAULT 0,
    "time_limit" INTEGER,
    "penalize_errors" BOOLEAN NOT NULL DEFAULT false,
    "is_completed" BOOLEAN NOT NULL DEFAULT false,
    "created_at" TIMESTAMP(3) NOT NULL DEFAULT CURRENT_TIMESTAMP,
    "completed_at" TIMESTAMP(3)
);

CREATE TABLE "test_answers" (
    "id" TEXT PRIMARY KEY,
    "test_id" TEXT NOT NULL REFERENCES "tests"("id") ON DELETE CASCADE,
    "user_id" TEXT NOT NULL REFERENCES "users"("id") ON DELETE CASCADE,
    "question_id" TEXT NOT NULL REFERENCES "questions"("id") ON DELETE CASCADE,
    "selected_index" INTEGER,
    "is_correct" BOOLEAN,
    "response_time" INTEGER,
    "answered_at" TIMESTAMP(3)
);
CREATE UNIQUE INDEX "test_answers_test_id_question_id_key" ON "test_answers"("test_id", "question_id");

CREATE TABLE "bookmarks" (
    "id" TEXT PRIMARY KEY,
    "user_id" TEXT NOT NULL REFERENCES "users"("id") ON DELETE CASCADE,
    "question_id" TEXT NOT NULL REFERENCES "questions"("id") ON DELETE CASCADE,
    "note" TEXT,
    "created_at" TIMESTAMP(3) NOT NULL DEFAULT CURRENT_TIMESTAMP
);
CREATE UNIQUE INDEX "bookmarks_user_id_question_id_key" ON "bookmarks"("user_id", "question_id");

CREATE TABLE "mistakes" (
    "id" TEXT PRIMARY KEY,
    "user_id" TEXT NOT NULL REFERENCES "users"("id") ON DELETE CASCADE,
    "question_id" TEXT NOT NULL REFERENCES "questions"("id") ON DELETE CASCADE,
    "mistake_count" INTEGER NOT NULL DEFAULT 1,
    "last_mistake" TIMESTAMP(3) NOT NULL DEFAULT CURRENT_TIMESTAMP,
    "is_resolved" BOOLEAN NOT NULL DEFAULT false
);
CREATE UNIQUE INDEX "mistakes_user_id_question_id_key" ON "mistakes"("user_id", "question_id");

CREATE TABLE "study_plans" (
    "id" TEXT PRIMARY KEY,
    "user_id" TEXT NOT NULL REFERENCES "users"("id") ON DELETE CASCADE,
    "date" DATE NOT NULL,
    "topic_ids" JSONB NOT NULL,
    "description" TEXT,
    "is_completed" BOOLEAN NOT NULL DEFAULT false,
    "created_at" TIMESTAMP(3) NOT NULL DEFAULT CURRENT_TIMESTAMP
);
CREATE UNIQUE INDEX "study_plans_user_id_date_key" ON "study_plans"("user_id", "date");

CREATE TABLE "achievements" (
    "id" TEXT PRIMARY KEY,
    "name" VARCHAR(100) NOT NULL,
    "description" TEXT NOT NULL,
    "icon" VARCHAR(50) NOT NULL,
    "type" "AchievementType" NOT NULL,
    "threshold" INTEGER NOT NULL,
    "is_active" BOOLEAN NOT NULL DEFAULT true
);

CREATE TABLE "user_achievements" (
    "id" TEXT PRIMARY KEY,
    "user_id" TEXT NOT NULL REFERENCES "users"("id") ON DELETE CASCADE,
    "achievement_id" TEXT NOT NULL REFERENCES "achievements"("id") ON DELETE CASCADE,
    "unlocked_at" TIMESTAMP(3) NOT NULL DEFAULT CURRENT_TIMESTAMP
);
CREATE UNIQUE INDEX "user_achievements_user_id_achievement_id_key" ON "user_achievements"("user_id", "achievement_id");

CREATE TABLE "_EnrolledOppositions" (
    "A" TEXT NOT NULL REFERENCES "oppositions"("id") ON DELETE CASCADE,
    "B" TEXT NOT NULL REFERENCES "users"("id") ON DELETE CASCADE
);
CREATE UNIQUE INDEX "_EnrolledOppositions_AB_unique" ON "_EnrolledOppositions"("A", "B");
CREATE INDEX "_EnrolledOppositions_B_index" ON "_EnrolledOppositions"("B");

-- 4. DATA INJECTION
INSERT INTO "users" (id, name, email, password_hash, role) VALUES ('2ca7bcd3-e9df-4098-a482-31409baae9e7', 'Administrador', 'admin@bateriapreguntas.com', '$2b$12$SxwFzd5qhfPafOM3O7i12epKhGU3ZN6Jj7aXZf9n2Vd4F5ArRZhkG', 'ADMIN');
INSERT INTO "users" (id, name, email, password_hash, role) VALUES ('58a80d7d-4849-4cf8-87e1-b795d0bda8ba', 'Estudiante Demo', 'demo@bateriapreguntas.com', '$2b$12$1ijiRRfll5vsfDmq7/YBhOnLd2RMwh4qIJn3xp/LE07bvu5JMcYBa', 'USER');
INSERT INTO "users" (id, name, email, password_hash, role) VALUES ('0be3e901-6e72-49dd-9f15-942e93f39045', 'Alba Garcia', 'alba@gmail.com', '$2b$12$W8qvuFeZL/y76ONBGV5ew.0BmlgLoqa.QATfgqWtCkRIcpFHzMRKG', 'USER');

INSERT INTO "oppositions" (id, name, description, icon, category) VALUES ('a1b2c3d4-e5f6-7890-abcd-ef1234567890', 'Administrativo del Estado', 'Cuerpo General Administrativo de la Administración del Estado', '🏛️', 'General');
INSERT INTO "oppositions" (id, name, description, icon, category) VALUES ('b2c3d4e5-f6a7-8901-bcde-f1234567890a', 'Auxiliar Administrativo', 'Cuerpo Auxiliar de la Administración General del Estado', '📝', 'General');
INSERT INTO "oppositions" (id, name, description, icon, category) VALUES ('376c0593-c11b-413b-ae96-c2a09b9af63c', 'Cuerpo de gestión de la administración de la seguridad social', 'Es un grupo A2 de funcionarios...', '⚖️', 'Seguridad Social');

INSERT INTO "topics" (id, title, description, icon, "order", color, opposition_id) VALUES ('9f05bef5-ae90-4ee5-940f-8b26cfb3a9ef', 'Derecho Administrativo', 'Procedimiento administrativo...', '⚖️', 3, '#45B7D1', 'a1b2c3d4-e5f6-7890-abcd-ef1234567890');
INSERT INTO "topics" (id, title, description, icon, "order", color, opposition_id) VALUES ('53abcfda-037e-4c10-9bb8-7c2d2190a347', 'Función Pública', 'Empleados públicos...', '👔', 4, '#96CEB4', 'a1b2c3d4-e5f6-7890-abcd-ef1234567890');
INSERT INTO "topics" (id, title, description, icon, "order", color, opposition_id) VALUES ('725fc2c1-d3c4-4d70-83cd-153d38aad4de', 'Unión Europea', 'Instituciones...', '🇪🇺', 5, '#FFEAA7', 'a1b2c3d4-e5f6-7890-abcd-ef1234567890');
INSERT INTO "topics" (id, title, description, icon, "order", color, opposition_id) VALUES ('56f1b144-dbe4-4207-88f4-80f126fa909b', 'Hacienda Pública', 'Presupuestos...', '💰', 6, '#DDA0DD', 'a1b2c3d4-e5f6-7890-abcd-ef1234567890');
INSERT INTO "topics" (id, title, description, icon, "order", color, opposition_id) VALUES ('3d2585eb-a830-49f6-b325-368070b17c86', 'Contratos del Sector Público', 'Ley de Contratos...', '📋', 7, '#98D8C8', 'a1b2c3d4-e5f6-7890-abcd-ef1234567890');
INSERT INTO "topics" (id, title, description, icon, "order", color, opposition_id) VALUES ('5c80b62c-39e6-4f6a-8a58-24ef19cce481', 'Igualdad y Violencia de Género', 'Ley de Igualdad...', '🤝', 8, '#F7DC6F', 'a1b2c3d4-e5f6-7890-abcd-ef1234567890');
INSERT INTO "topics" (id, title, description, icon, "order", color, opposition_id) VALUES ('e2c73537-375a-4ef2-b3b7-a09b2518b721', 'Protección de Datos', 'RGPD...', '🔒', 9, '#85C1E9', 'a1b2c3d4-e5f6-7890-abcd-ef1234567890');
INSERT INTO "topics" (id, title, description, icon, "order", color, opposition_id) VALUES ('84f0b16c-e4e5-4e3c-9c48-6efd232da14e', 'Transparencia y Buen Gobierno', 'Ley de Transparencia...', '🔍', 10, '#F1948A', 'a1b2c3d4-e5f6-7890-abcd-ef1234567890');
INSERT INTO "topics" (id, title, description, icon, "order", color, opposition_id) VALUES ('17942a65-32e9-488f-b017-dfd1814ebebf', 'Constitución Española', 'Título preliminar...', '📜', 1, '#6bfffd', 'a1b2c3d4-e5f6-7890-abcd-ef1234567890');
INSERT INTO "topics" (id, title, description, icon, "order", color, opposition_id) VALUES ('84b56817-ec34-456d-ac1b-84f582965092', 'Organización del Estado', 'Corona...', '🏛️', 2, '#cd7f4c', 'a1b2c3d4-e5f6-7890-abcd-ef1234567890');
INSERT INTO "topics" (id, title, description, icon, "order", color, opposition_id) VALUES ('9c2b45c8-32c8-4a99-ba9b-a1069a2b432a', 'Derecho civil', 'Bloque I...', '📖', 0, '#bad9c3', '376c0593-c11b-413b-ae96-c2a09b9af63c');
INSERT INTO "topics" (id, title, description, icon, "order", color, opposition_id) VALUES ('7de3fd7e-6895-4837-8a8d-6835f1d68a7b', 'Derecho Mercantil', 'Bloque II...', '📚', 0, '#f2c564', '376c0593-c11b-413b-ae96-c2a09b9af63c');
INSERT INTO "topics" (id, title, description, icon, "order", color, opposition_id) VALUES ('3c100f50-4fd9-4fee-ae1c-c8560f9932db', 'Derecho comunitario y constitucional', 'Bloque III...', '📚', 0, '#3d902c', '376c0593-c11b-413b-ae96-c2a09b9af63c');
INSERT INTO "topics" (id, title, description, icon, "order", color, opposition_id) VALUES ('c0652ae1-a9b6-4d8f-b7ca-50bc16631309', 'Derecho Administrativo', 'Bloque IV...', '📚', 0, '#f26496', '376c0593-c11b-413b-ae96-c2a09b9af63c');

INSERT INTO "subtopics" (id, title, "order", topic_id) VALUES ('9c8e3b71-632a-4ccb-96b7-c540b61ec480', 'El concepto de Derecho', 0, '9c2b45c8-32c8-4a99-ba9b-a1069a2b432a');
INSERT INTO "subtopics" (id, title, "order", topic_id) VALUES ('6a4d55b0-1832-4298-a365-baceee94e9a9', 'Concepto y clases de personas', 0, '9c2b45c8-32c8-4a99-ba9b-a1069a2b432a');
INSERT INTO "subtopics" (id, title, "order", topic_id) VALUES ('987ae920-60a7-4c30-ad41-56c26e7b1b8a', 'Los derechos reales: conceptos y clases', 0, '9c2b45c8-32c8-4a99-ba9b-a1069a2b432a');
INSERT INTO "subtopics" (id, title, "order", topic_id) VALUES ('46408c3d-224a-447c-935f-060ba74082ef', 'La constitución española 1978: Características', 0, '3c100f50-4fd9-4fee-ae1c-c8560f9932db');
INSERT INTO "subtopics" (id, title, "order", topic_id) VALUES ('1a1d5394-3e1e-40ac-b4c5-f190d1da897a', 'El poder judicial', 0, '3c100f50-4fd9-4fee-ae1c-c8560f9932db');
INSERT INTO "subtopics" (id, title, "order", topic_id) VALUES ('fd1e1a25-1781-40bc-9ab0-a6eb93f8c56a', 'La organización territorial del Estado en la Constitución', 0, '3c100f50-4fd9-4fee-ae1c-c8560f9932db');
INSERT INTO "subtopics" (id, title, "order", topic_id) VALUES ('693cb876-ab58-42ee-b3b5-225df365fbc6', 'Las fuentes del derecho administrativo', 0, 'c0652ae1-a9b6-4d8f-b7ca-50bc16631309');
INSERT INTO "subtopics" (id, title, "order", topic_id) VALUES ('f09b17c9-c092-4335-b303-8ebb8b2db746', 'El procedimiento administrativo: iniciación, ordenación, instrucción y terminación', 0, 'c0652ae1-a9b6-4d8f-b7ca-50bc16631309');

-- (All questions from backup_final_ok.sql follow)
INSERT INTO "questions" (id, question_text, options, correct_index, explanation, difficulty, topic_id, subtopic_id) VALUES ('2b000202-e591-4c4d-af57-4d3c8098e376', '¿En qué año fue aprobada la Constitución Española?', '["1975","1978","1980","1982"]', 1, 'La Constitución Española fue ratificada en referéndum el 6 de diciembre de 1978 y publicada en el BOE el 29 de diciembre de 1978.', 'EASY', '17942a65-32e9-488f-b017-dfd1814ebebf', NULL);
INSERT INTO "questions" (id, question_text, options, correct_index, explanation, difficulty, topic_id, subtopic_id) VALUES ('f47d2dcb-b118-4070-ab48-93e5c93d5643', '¿Cuántos títulos tiene la Constitución Española?', '["8 títulos","10 títulos","11 títulos","12 títulos"]', 2, 'La CE tiene un Título Preliminar y 10 Títulos más, sumando un total de 11 títulos.', 'EASY', '17942a65-32e9-488f-b017-dfd1814ebebf', NULL);
INSERT INTO "questions" (id, question_text, options, correct_index, explanation, difficulty, topic_id, subtopic_id) VALUES ('a7d22a96-26a5-44da-bee8-8f30543d1099', '¿Según el artículo 1.1 de la CE, cuáles son los valores superiores del ordenamiento jurídico?', '["Libertad, igualdad, justicia y solidaridad","Libertad, justicia, igualdad y pluralismo político","Democracia, libertad, justicia e igualdad","Libertad, igualdad, fraternidad y justicia"]', 1, 'Art. 1.1 CE: "España se constituye en un Estado social y democrático de Derecho, que propugna como valores superiores de su ordenamiento jurídico la libertad, la justicia, la igualdad y el pluralismo político".', 'MEDIUM', '17942a65-32e9-488f-b017-dfd1814ebebf', NULL);
INSERT INTO "questions" (id, question_text, options, correct_index, explanation, difficulty, topic_id, subtopic_id) VALUES ('7278ba33-7eed-4416-aa70-fb013f95b294', '¿Cuántos artículos tiene la Constitución Española?', '["155 artículos","160 artículos","169 artículos","175 artículos"]', 2, 'La Constitución Española consta de 169 artículos distribuidos en el Título Preliminar y los Títulos I al X.', 'EASY', '17942a65-32e9-488f-b017-dfd1814ebebf', NULL);
INSERT INTO "questions" (id, question_text, options, correct_index, explanation, difficulty, topic_id, subtopic_id) VALUES ('6a375934-e5f6-489a-b1d2-85ec2c1f469b', '¿Cuál es el artículo que regula el derecho a la educación?', '["Artículo 25","Artículo 27","Artículo 28","Artículo 30"]', 1, 'El artículo 27 de la CE reconoce el derecho a la educación y la libertad de enseñanza.', 'MEDIUM', '17942a65-32e9-488f-b017-dfd1814ebebf', NULL);
INSERT INTO "questions" (id, question_text, options, correct_index, explanation, difficulty, topic_id, subtopic_id) VALUES ('5414ce8a-5ccf-498c-b6fb-065259b22bed', 'Según la CE, ¿quién es el Jefe del Estado?', '["El Presidente del Gobierno","El Rey","El Presidente del Congreso","El Presidente del Tribunal Constitucional"]', 1, 'Art. 56.1 CE: "El Rey es el Jefe del Estado, símbolo de su unidad y permanencia".', 'EASY', '17942a65-32e9-488f-b017-dfd1814ebebf', NULL);
INSERT INTO "questions" (id, question_text, options, correct_index, explanation, difficulty, topic_id, subtopic_id) VALUES ('ad93507e-0521-40e7-aeea-1dcd4e8844e8', '¿Qué mayoría se necesita para una reforma agravada de la CE (art. 168)?', '["Mayoría absoluta de ambas Cámaras","Dos tercios de cada Cámara, disolución, dos tercios de las nuevas Cámaras y referéndum","Tres quintos de ambas Cámaras","Mayoría absoluta del Congreso y mayoría simple del Senado"]', 1, 'El artículo 168 CE establece el procedimiento agravado de reforma: aprobación por 2/3 de cada Cámara, disolución de Cortes, ratificación por las nuevas Cámaras por 2/3 y referéndum.', 'HARD', '17942a65-32e9-488f-b017-dfd1814ebebf', NULL);
INSERT INTO "questions" (id, question_text, options, correct_index, explanation, difficulty, topic_id, subtopic_id) VALUES ('9b1f09a7-744b-4ffe-bd5a-14559bbdcf6d', '¿Cuál de estos derechos NO es un derecho fundamental según la Sección 1ª del Capítulo II del Título I?', '["Derecho a la vida (art. 15)","Derecho a la propiedad privada (art. 33)","Derecho a la libertad ideológica (art. 16)","Derecho a la tutela judicial efectiva (art. 24)"]', 1, 'El derecho a la propiedad privada (art. 33) se encuentra en la Sección 2ª del Capítulo II del Título I, no en la Sección 1ª de derechos fundamentales.', 'HARD', '17942a65-32e9-488f-b017-dfd1814ebebf', NULL);
INSERT INTO "questions" (id, question_text, options, correct_index, explanation, difficulty, topic_id, subtopic_id) VALUES ('26de2bd2-1a97-492d-a519-77173d596114', '¿Qué artículo de la CE regula el derecho de petición?', '["Artículo 27","Artículo 28","Artículo 29","Artículo 30"]', 2, 'El artículo 29 CE reconoce el derecho de petición individual y colectiva.', 'MEDIUM', '17942a65-32e9-488f-b017-dfd1814ebebf', NULL);
INSERT INTO "questions" (id, question_text, options, correct_index, explanation, difficulty, topic_id, subtopic_id) VALUES ('46be57ac-0501-4a76-a61a-7cf84bb11c53', '¿Cuántas disposiciones adicionales tiene la Constitución Española?', '["2","4","6","8"]', 1, 'La CE tiene 4 disposiciones adicionales, 9 transitorias, 1 derogatoria y 1 final.', 'MEDIUM', '17942a65-32e9-488f-b017-dfd1814ebebf', NULL);
INSERT INTO "questions" (id, question_text, options, correct_index, explanation, difficulty, topic_id, subtopic_id) VALUES ('516992aa-91c9-49b8-b559-e369567f8acb', '¿Cuántos diputados componen el Congreso de los Diputados?', '["Entre 300 y 400","Exactamente 350","Entre 350 y 400","Entre 300 y 350"]', 0, 'Art. 68.1 CE: El Congreso se compone de un mínimo de 300 y un máximo de 400 Diputados. Actualmente son 350 (fijados por la LOREG).', 'MEDIUM', '84b56817-ec34-456d-ac1b-84f582965092', NULL);
INSERT INTO "questions" (id, question_text, options, correct_index, explanation, difficulty, topic_id, subtopic_id) VALUES ('763acee6-7661-4fb0-b185-531004d3db7e', '¿Cuál es la duración del mandato de los Diputados y Senadores?', '["3 años","4 años","5 años","6 años"]', 1, 'Art. 68.4 y 69.6 CE: el mandato de las Cámaras es de cuatro años.', 'EASY', '84b56817-ec34-456d-ac1b-84f582965092', NULL);
INSERT INTO "questions" (id, question_text, options, correct_index, explanation, difficulty, topic_id, subtopic_id) VALUES ('9f346f47-755f-4af7-97a1-f5a3cedc0471', '¿Quién propone al candidato a la Presidencia del Gobierno?', '["El Presidente del Congreso","El Rey, previa consulta con los representantes de los grupos políticos","El Presidente del Senado","Los partidos políticos directamente"]', 1, 'Art. 99.1 CE: Tras cada renovación del Congreso, el Rey propondrá un candidato a la Presidencia del Gobierno, previa consulta con los representantes de los grupos políticos.', 'MEDIUM', '84b56817-ec34-456d-ac1b-84f582965092', NULL);
INSERT INTO "questions" (id, question_text, options, correct_index, explanation, difficulty, topic_id, subtopic_id) VALUES ('bada5137-2a1b-4931-8c8e-d8ce6c691ca4', '¿Qué órgano juzga la responsabilidad criminal del Presidente del Gobierno?', '["El Tribunal Supremo","La Sala de lo Penal del Tribunal Supremo","El Tribunal Constitucional","La Audiencia Nacional"]', 1, 'Art. 102.1 CE: La responsabilidad criminal del Presidente y los demás miembros del Gobierno será exigible ante la Sala de lo Penal del Tribunal Supremo.', 'HARD', '84b56817-ec34-456d-ac1b-84f582965092', NULL);
INSERT INTO "questions" (id, question_text, options, correct_index, explanation, difficulty, topic_id, subtopic_id) VALUES ('6c79e126-2721-43bd-a5a4-8f1400200803', '¿Cuántos miembros componen el Tribunal Constitucional?', '["10 miembros","12 miembros","15 miembros","20 miembros"]', 1, 'Art. 159.1 CE: El Tribunal Constitucional se compone de 12 miembros nombrados por el Rey.', 'EASY', '84b56817-ec34-456d-ac1b-84f582965092', NULL);
INSERT INTO "questions" (id, question_text, options, correct_index, explanation, difficulty, topic_id, subtopic_id) VALUES ('47cdb9b6-4af9-4234-8dc0-77326b160098', 'El Defensor del Pueblo es designado por:', '["El Rey","Las Cortes Generales","El Gobierno","El Consejo General del Poder Judicial"]', 1, 'Art. 54 CE: El Defensor del Pueblo es designado por las Cortes Generales como alto comisionado para la defensa de los derechos del Título I.', 'MEDIUM', '84b56817-ec34-456d-ac1b-84f582965092', NULL);
INSERT INTO "questions" (id, question_text, options, correct_index, explanation, difficulty, topic_id, subtopic_id) VALUES ('b0475ad1-c21e-486b-b102-d6a9b5aa7210', '¿Cuántos miembros componen el Consejo General del Poder Judicial?', '["12 miembros","15 miembros","20 miembros y el Presidente del TS","21 miembros"]', 2, 'Art. 122.3 CE: El CGPJ está integrado por el Presidente del Tribunal Supremo, que lo presidirá, y por veinte miembros.', 'MEDIUM', '84b56817-ec34-456d-ac1b-84f582965092', NULL);
INSERT INTO "questions" (id, question_text, options, correct_index, explanation, difficulty, topic_id, subtopic_id) VALUES ('65b2142e-fe97-40c1-8f51-67381792bac3', '¿Qué artículo de la CE regula la moción de censura?', '["Artículo 112","Artículo 113","Artículo 114","Artículo 115"]', 1, 'El artículo 113 CE regula la moción de censura, que debe ser propuesta al menos por la décima parte de los Diputados e incluir un candidato alternativo.', 'MEDIUM', '84b56817-ec34-456d-ac1b-84f582965092', NULL);
INSERT INTO "questions" (id, question_text, options, correct_index, explanation, difficulty, topic_id, subtopic_id) VALUES ('fea9a18a-7698-4085-8dcf-5de96abe5208', '¿Cuál es el plazo máximo general para resolver un procedimiento administrativo según la Ley 39/2015?', '["3 meses","6 meses","1 año","No hay plazo general"]', 0, 'Art. 21.3 Ley 39/2015: Cuando las normas reguladoras del procedimiento no fijen plazo máximo, éste será de tres meses.', 'MEDIUM', '9f05bef5-ae90-4ee5-940f-8b26cfb3a9ef', NULL);
INSERT INTO "questions" (id, question_text, options, correct_index, explanation, difficulty, topic_id, subtopic_id) VALUES ('2cf2f65f-64b1-4acc-afe3-5c15aea2f3b2', '¿Qué ley regula el Procedimiento Administrativo Común?', '["Ley 30/1992","Ley 39/2015","Ley 40/2015","Ley 9/2017"]', 1, 'La Ley 39/2015, de 1 de octubre, del Procedimiento Administrativo Común de las Administraciones Públicas, sustituyó a la antigua Ley 30/1992.', 'EASY', '9f05bef5-ae90-4ee5-940f-8b26cfb3a9ef', NULL);
INSERT INTO "questions" (id, question_text, options, correct_index, explanation, difficulty, topic_id, subtopic_id) VALUES ('f95606c6-83c5-4762-a2cc-3012b1d23d52', 'Son causas de nulidad de pleno derecho de los actos administrativos, EXCEPTO:', '["Los que lesionen derechos y libertades susceptibles de amparo constitucional","Los dictados por órgano manifiestamente incompetente por razón de materia o territorio","Los que incurran en cualquier infracción del ordenamiento jurídico","Los dictados prescindiendo total y absolutamente del procedimiento"]', 2, 'La infracción del ordenamiento jurídico es causa de anulabilidad (art. 48 Ley 39/2015), no de nulidad de pleno derecho (art. 47).', 'HARD', '9f05bef5-ae90-4ee5-940f-8b26cfb3a9ef', NULL);
INSERT INTO "questions" (id, question_text, options, correct_index, explanation, difficulty, topic_id, subtopic_id) VALUES ('e63ed0b2-83d7-4a1c-9e5d-5881f9c453ff', '¿Cuál es el plazo para interponer un recurso de alzada?', '["1 mes si el acto es expreso, 3 meses si es presunto","2 meses si el acto es expreso, 6 meses si es presunto","15 días","1 mes en todo caso"]', 0, 'Art. 122.1 Ley 39/2015: El plazo para interponer recurso de alzada es de un mes (acto expreso) o tres meses (acto presunto por silencio).', 'MEDIUM', '9f05bef5-ae90-4ee5-940f-8b26cfb3a9ef', NULL);
INSERT INTO "questions" (id, question_text, options, correct_index, explanation, difficulty, topic_id, subtopic_id) VALUES ('a66e05c0-9102-4683-aee1-c8e359c7f1c0', '¿Qué ley regula el Régimen Jurídico del Sector Público?', '["Ley 6/1997","Ley 39/2015","Ley 40/2015","Real Decreto 364/1995"]', 2, 'La Ley 40/2015, de 1 de octubre, de Régimen Jurídico del Sector Público.', 'EASY', '9f05bef5-ae90-4ee5-940f-8b26cfb3a9ef', NULL);
INSERT INTO "questions" (id, question_text, options, correct_index, explanation, difficulty, topic_id, subtopic_id) VALUES ('e4cbb59a-2f28-482d-b9b5-68ad93f0dfe9', '¿Cuál es el plazo para interponer un recurso potestativo de reposición?', '["15 días","1 mes si es acto expreso, 3 meses si es presunto","2 meses","6 meses"]', 1, 'Art. 124.2 Ley 39/2015: El plazo para interponer recurso de reposición es de un mes (acto expreso) o tres meses (silencio administrativo).', 'MEDIUM', '9f05bef5-ae90-4ee5-940f-8b26cfb3a9ef', NULL);
INSERT INTO "questions" (id, question_text, options, correct_index, explanation, difficulty, topic_id, subtopic_id) VALUES ('e9e6aada-9998-4910-b185-7a3bd8bcb230', 'El silencio administrativo positivo significa que:', '["La Administración ha resuelto expresamente a favor","Se entiende estimada la solicitud por falta de resolución en plazo","La Administración rechaza la petición","El expediente ha caducado"]', 1, 'El silencio administrativo positivo se produce cuando la Administración no resuelve en plazo y se entiende estimada la solicitud del interesado.', 'MEDIUM', '9f05bef5-ae90-4ee5-940f-8b26cfb3a9ef', NULL);
INSERT INTO "questions" (id, question_text, options, correct_index, explanation, difficulty, topic_id, subtopic_id) VALUES ('74eef237-003d-4c4f-a8ee-31f6a843cc1f', '¿Cuánto dura el plazo de prescripción de las infracciones muy graves?', '["6 meses","1 año","2 años","3 años"]', 3, 'Art. 30.1 Ley 40/2015: Las infracciones muy graves prescriben a los tres años, las graves a los dos años y las leves a los seis meses.', 'HARD', '9f05bef5-ae90-4ee5-940f-8b26cfb3a9ef', NULL);
INSERT INTO "questions" (id, question_text, options, correct_index, explanation, difficulty, topic_id, subtopic_id) VALUES ('5cbd4444-c041-406f-ab8d-01b058607df8', '¿Qué norma regula el Estatuto Básico del Empleado Público?', '["Ley 30/1984","Real Decreto Legislativo 5/2015 (TREBEP)","Ley 7/2007","Ley 39/2015"]', 1, 'El Real Decreto Legislativo 5/2015, de 30 de octubre, aprobó el Texto Refundido del Estatuto Básico del Empleado Público (TREBEP).', 'EASY', '53abcfda-037e-4c10-9bb8-7c2d2190a347', NULL);
INSERT INTO "questions" (id, question_text, options, correct_index, explanation, difficulty, topic_id, subtopic_id) VALUES ('dd7b7c58-4b19-4eb5-9f4c-fb77aaa8f7f1', '¿Cuáles son las clases de personal al servicio de las Administraciones Públicas según el TREBEP?', '["Funcionarios de carrera y personal laboral","Funcionarios de carrera, funcionarios interinos, personal laboral y personal eventual","Funcionarios y contratados","Personal fijo, temporal y eventual"]', 1, 'Art. 8 TREBEP: Los empleados públicos se clasifican en: funcionarios de carrera, funcionarios interinos, personal laboral y personal eventual.', 'MEDIUM', '53abcfda-037e-4c10-9bb8-7c2d2190a347', NULL);
INSERT INTO "questions" (id, question_text, options, correct_index, explanation, difficulty, topic_id, subtopic_id) VALUES ('ad13523f-8fce-4aa4-91fb-efbfeba36730', 'Las situaciones administrativas de los funcionarios de carrera incluyen:', '["Servicio activo y jubilación únicamente","Servicio activo, servicios especiales, servicio en otras AAPP, excedencia y suspensión de funciones","Activo, pasivo e interino","Servicio activo, reserva y baja"]', 1, 'Art. 85 TREBEP: Las situaciones administrativas son: servicio activo, servicios especiales, servicio en otras AAPP, excedencia y suspensión de funciones.', 'HARD', '53abcfda-037e-4c10-9bb8-7c2d2190a347', NULL);
INSERT INTO "questions" (id, question_text, options, correct_index, explanation, difficulty, topic_id, subtopic_id) VALUES ('8e7fab2e-e985-4754-9668-6038c9c8ed33', '¿Cuál es la duración máxima de la suspensión firme de funciones?', '["3 meses","6 meses","6 años","3 años"]', 2, 'Art. 90.3 TREBEP: La suspensión firme no podrá exceder de 6 años.', 'HARD', '53abcfda-037e-4c10-9bb8-7c2d2190a347', NULL);
INSERT INTO "questions" (id, question_text, options, correct_index, explanation, difficulty, topic_id, subtopic_id) VALUES ('80a20dcb-3cd1-46f4-b3eb-7e3a23d0a1ae', '¿Cuáles son los grupos de clasificación profesional del personal funcionario?', '["A, B y C","A1, A2, B, C1 y C2","I, II, III, IV y V","Superior, medio e inferior"]', 1, 'Art. 76 TREBEP: Los cuerpos y escalas se clasifican en los grupos A (subgrupos A1 y A2), B, y C (subgrupos C1 y C2).', 'MEDIUM', '53abcfda-037e-4c10-9bb8-7c2d2190a347', NULL);
INSERT INTO "questions" (id, question_text, options, correct_index, explanation, difficulty, topic_id, subtopic_id) VALUES ('083ba6e1-bc9f-44c6-bf30-1e19ec7a34ae', 'La excedencia voluntaria por interés particular requiere haber prestado servicios efectivos durante:', '["Al menos 3 años","Al menos 5 años","Al menos 1 año","No requiere tiempo mínimo"]', 1, 'Art. 89.2 TREBEP: Para solicitar excedencia voluntaria por interés particular se requiere haber prestado servicios efectivos durante un mínimo de 5 años.', 'MEDIUM', '53abcfda-037e-4c10-9bb8-7c2d2190a347', NULL);
INSERT INTO "questions" (id, question_text, options, correct_index, explanation, difficulty, topic_id, subtopic_id) VALUES ('56625351-0529-48c2-a05f-ebad48db3397', '¿Cuántos estados miembros tiene actualmente la Unión Europea?', '["25","27","28","30"]', 1, 'Tras el Brexit (2020), la UE cuenta con 27 Estados miembros.', 'EASY', '725fc2c1-d3c4-4d70-83cd-153d38aad4de', NULL);
INSERT INTO "questions" (id, question_text, options, correct_index, explanation, difficulty, topic_id, subtopic_id) VALUES ('cd8524e2-ed67-4d76-a42f-85917308e8c2', '¿Cuál es la institución de la UE que tiene la iniciativa legislativa?', '["El Parlamento Europeo","El Consejo de la UE","La Comisión Europea","El Consejo Europeo"]', 2, 'La Comisión Europea es la institución que tiene el monopolio de la iniciativa legislativa en la UE.', 'MEDIUM', '725fc2c1-d3c4-4d70-83cd-153d38aad4de', NULL);
INSERT INTO "questions" (id, question_text, options, correct_index, explanation, difficulty, topic_id, subtopic_id) VALUES ('7930611a-c3f5-42a3-977a-b52143cd26cd', '¿Qué tratado estableció la Comunidad Económica Europea?', '["Tratado de Maastricht (1992)","Tratado de Roma (1957)","Tratado de Lisboa (2007)","Tratado de Ámsterdam (1997)"]', 1, 'El Tratado de Roma de 1957 estableció la Comunidad Económica Europea (CEE), firmado por los 6 países fundadores.', 'EASY', '725fc2c1-d3c4-4d70-83cd-153d38aad4de', NULL);
INSERT INTO "questions" (id, question_text, options, correct_index, explanation, difficulty, topic_id, subtopic_id) VALUES ('e691e4ed-8444-472a-8ac4-412ac4815eb0', '¿En qué año ingresó España en la Comunidad Europea?', '["1978","1982","1986","1992"]', 2, 'España ingresó en la Comunidad Europea el 1 de enero de 1986, junto con Portugal.', 'EASY', '725fc2c1-d3c4-4d70-83cd-153d38aad4de', NULL);
INSERT INTO "questions" (id, question_text, options, correct_index, explanation, difficulty, topic_id, subtopic_id) VALUES ('1738ee58-c367-4696-88fb-1fd00e0e1fb8', 'Los Reglamentos de la UE son:', '["Directamente aplicables en todos los Estados miembros","Necesitan transposición al derecho nacional","Solo vinculan a los Estados a los que van dirigidos","Son meras recomendaciones"]', 0, 'Los Reglamentos de la UE son obligatorios en todos sus elementos y directamente aplicables en cada Estado miembro (art. 288 TFUE).', 'MEDIUM', '725fc2c1-d3c4-4d70-83cd-153d38aad4de', NULL);
INSERT INTO "questions" (id, question_text, options, correct_index, explanation, difficulty, topic_id, subtopic_id) VALUES ('27248ad1-6a9d-4557-99d4-883e7f8d88ee', '¿Cuál de estos NO es un principio del Derecho de la UE?', '["Primacía del Derecho de la UE","Efecto directo","Subsidiariedad","Irretroactividad absoluta"]', 3, 'Los principios fundamentales del Derecho de la UE incluyen primacía, efecto directo, subsidiariedad y proporcionalidad. La irretroactividad absoluta no es un principio del Derecho de la UE.', 'HARD', '725fc2c1-d3c4-4d70-83cd-153d38aad4de', NULL);
INSERT INTO "questions" (id, question_text, options, correct_index, explanation, difficulty, topic_id, subtopic_id) VALUES ('7411693e-0926-49eb-96e8-f1fdbb05c90a', '¿Qué reglamento europeo regula la protección de datos personales?', '["Directiva 95/46/CE","Reglamento (UE) 2016/679 (RGPD)","Ley Orgánica 15/1999","Reglamento (UE) 2018/302"]', 1, 'El RGPD (Reglamento General de Protección de Datos) es el Reglamento (UE) 2016/679 del Parlamento Europeo y del Consejo.', 'EASY', 'e2c73537-375a-4ef2-b3b7-a09b2518b721', NULL);
INSERT INTO "questions" (id, question_text, options, correct_index, explanation, difficulty, topic_id, subtopic_id) VALUES ('c4f4648f-bfa1-453d-bb9f-dea2b5ae5174', '¿Cuál es la edad mínima para que un menor pueda consentir el tratamiento de sus datos en España?', '["13 años","14 años","16 años","18 años"]', 1, 'La LOPDGDD (LO 3/2018) establece en su artículo 7 que en España la edad mínima es de 14 años.', 'MEDIUM', 'e2c73537-375a-4ef2-b3b7-a09b2518b721', NULL);
INSERT INTO "questions" (id, question_text, options, correct_index, explanation, difficulty, topic_id, subtopic_id) VALUES ('fbf45f81-b187-4edc-807d-895c26761999', '¿Cuál es el plazo para notificar una brecha de seguridad a la autoridad de control?', '["24 horas","48 horas","72 horas","1 semana"]', 2, 'Art. 33 RGPD: El responsable del tratamiento deberá notificar la brecha a la autoridad de control en un plazo máximo de 72 horas.', 'MEDIUM', 'e2c73537-375a-4ef2-b3b7-a09b2518b721', NULL);
INSERT INTO "questions" (id, question_text, options, correct_index, explanation, difficulty, topic_id, subtopic_id) VALUES ('3609edcf-07ac-4cc6-b9e0-cacf763d26fe', '¿Cuáles son los derechos ARCO-POL según la normativa de protección de datos?', '["Acceso, Rectificación, Cancelación y Oposición","Acceso, Rectificación, Cancelación, Oposición, Portabilidad, Olvido y Limitación","Acceso, Revisión, Corrección y Objeción","Autorización, Registro, Control y Observación"]', 1, 'Los derechos ampliados por el RGPD incluyen: Acceso, Rectificación, Supresión (Cancelación/Olvido), Oposición, Portabilidad y Limitación del tratamiento.', 'MEDIUM', 'e2c73537-375a-4ef2-b3b7-a09b2518b721', NULL);
INSERT INTO "questions" (id, question_text, options, correct_index, explanation, difficulty, topic_id, subtopic_id) VALUES ('fc835ff2-51a0-451b-a6cd-63dc7dbded20', '¿Qué organismo es la autoridad de control en materia de protección de datos en España?', '["El Ministerio de Justicia","La Agencia Española de Protección de Datos (AEPD)","El Tribunal Constitucional","La Comisión Nacional del Mercado de Valores"]', 1, 'La AEPD es la autoridad pública independiente que vela por el cumplimiento de la normativa de protección de datos en España.', 'EASY', 'e2c73537-375a-4ef2-b3b7-a09b2518b721', NULL);
INSERT INTO "questions" (id, question_text, options, correct_index, explanation, difficulty, topic_id, subtopic_id) VALUES ('0b2d3648-6e87-440b-8eac-679691ec9136', '¿Qué artículo de la Constitución Española establece la inviolabilidad de las Cortes Generales?', '["Artículo 67","Artículo 66","Artículo 68","Artículo 69"]', 1, '', 'MEDIUM', '3c100f50-4fd9-4fee-ae1c-c8560f9932db', '46408c3d-224a-447c-935f-060ba74082ef');
INSERT INTO "questions" (id, question_text, options, correct_index, explanation, difficulty, topic_id, subtopic_id) VALUES ('bbb4f444-b418-444e-8594-940f68a6f8cb', '¿Qué artículo de la Constitución Española establece que "el Gobierno responde solidariamente en su gestión política ante el Congreso de los Diputados"?', '["Artículo 110","Artículo 108","Artículo 109","Artículo 111"]', 1, '', 'MEDIUM', '3c100f50-4fd9-4fee-ae1c-c8560f9932db', '46408c3d-224a-447c-935f-060ba74082ef');
INSERT INTO "questions" (id, question_text, options, correct_index, explanation, difficulty, topic_id, subtopic_id) VALUES ('f940aed1-9e95-4c15-86bf-7741f5f94765', 'Señale la afirmación correcta respecto al carácter "Normativo" de la Constitución de 1978.', '["Se refiere a las abundantes remisiones que hace a la ley y a la ley orgánica.","Se configura como una auténtica norma jurídica, creadora de derecho y obligaciones, y directamente aplicable.","Atiende al complejo sistema establecido para llevar a cabo su reforma.","Indica la amplitud de materias objeto de regulación."]', 1, '', 'MEDIUM', '3c100f50-4fd9-4fee-ae1c-c8560f9932db', '46408c3d-224a-447c-935f-060ba74082ef');
INSERT INTO "questions" (id, question_text, options, correct_index, explanation, difficulty, topic_id, subtopic_id) VALUES ('11bac069-98fb-478b-ab41-805131a18d05', '¿Qué artículo de la Constitución Española establece que "las Cámaras se reunirán en sesión conjunta para ejercer las competencias no legislativas que el Título II atribuye expresamente a las Cortes Generales"?', '["Artículo 76","Artículo 74","Artículo 73","Artículo 75"]', 1, '', 'MEDIUM', '3c100f50-4fd9-4fee-ae1c-c8560f9932db', '46408c3d-224a-447c-935f-060ba74082ef');
INSERT INTO "questions" (id, question_text, options, correct_index, explanation, difficulty, topic_id, subtopic_id) VALUES ('15a653f0-4361-465c-a90b-062999e6bb6e', '¿Qué título de la Constitución Española regula la Corona?', '["Título I","Título II","Título III","Título IV"]', 1, '', 'MEDIUM', '3c100f50-4fd9-4fee-ae1c-c8560f9932db', '46408c3d-224a-447c-935f-060ba74082ef');
INSERT INTO "questions" (id, question_text, options, correct_index, explanation, difficulty, topic_id, subtopic_id) VALUES ('6baafdf6-de3c-49c1-ba35-c7286ea92aee', 'Según la Disposición Final de la CE, ¿en qué momento entró en vigor el texto constitucional?', '["El mismo día de su publicación en el BOE (29 de diciembre de 1978)","El 27 de diciembre de 1978, tras su aprobación por las Cortes Generales","El mismo día de su publicación en el BOE (27 de diciembre de 1978)","El 6 de diciembre de 1978, tras su aprobación en referéndum"]', 0, '', 'MEDIUM', '3c100f50-4fd9-4fee-ae1c-c8560f9932db', '46408c3d-224a-447c-935f-060ba74082ef');
INSERT INTO "questions" (id, question_text, options, correct_index, explanation, difficulty, topic_id, subtopic_id) VALUES ('00fe97d8-eb6d-422a-8539-d2984da8fe3c', '¿Qué artículo de la Constitución Española establece que "los miembros del Gobierno se reúnen en Consejo de Ministros y en Comisiones Delegadas del Gobierno"?', '["Artículo 97","Artículo 96","Artículo 98","Artículo 99"]', 2, '', 'MEDIUM', '3c100f50-4fd9-4fee-ae1c-c8560f9932db', '46408c3d-224a-447c-935f-060ba74082ef');
INSERT INTO "questions" (id, question_text, options, correct_index, explanation, difficulty, topic_id, subtopic_id) VALUES ('54e2f46e-a328-4f7c-a45d-7c848d3838c9', 'Identifique el Título de la parte orgánica de la Constitución Española que contiene la regulación del Tribunal Constitucional.', '["Título VI","Título X","Título IX","Título VII"]', 2, '', 'MEDIUM', '3c100f50-4fd9-4fee-ae1c-c8560f9932db', '46408c3d-224a-447c-935f-060ba74082ef');
INSERT INTO "questions" (id, question_text, options, correct_index, explanation, difficulty, topic_id, subtopic_id) VALUES ('c8ef8057-297c-4029-987f-887cb351a8b0', 'Distinga entre la proclamación del Preámbulo y el artículo 1.1 de la CE respecto a la forma de Estado. ¿Cuál es el verbo utilizado en el Preámbulo para referirse al Estado de Derecho?', '["Constituir","Establecer","Promulgar","Consolidar"]', 3, '', 'MEDIUM', '3c100f50-4fd9-4fee-ae1c-c8560f9932db', '46408c3d-224a-447c-935f-060ba74082ef');
INSERT INTO "questions" (id, question_text, options, correct_index, explanation, difficulty, topic_id, subtopic_id) VALUES ('d57b897c-43aa-434f-8b5e-a12636f65820', '¿Qué artículo de la Constitución Española establece que "los tratados internacionales válidamente celebrados, una vez publicados oficialmente en España, formarán parte del ordenamiento interno"?', '["Artículo 96","Artículo 93","Artículo 94","Artículo 95"]', 0, '', 'MEDIUM', '3c100f50-4fd9-4fee-ae1c-c8560f9932db', '46408c3d-224a-447c-935f-060ba74082ef');
INSERT INTO "questions" (id, question_text, options, correct_index, explanation, difficulty, topic_id, subtopic_id) VALUES ('18c43bfd-4226-4e93-8e5c-43e899e15cef', 'El Estado tiene competencia exclusiva sobre la “legislación mercantil, penal y penitenciaria” en virtud del apartado:', '["Art. 149.1.6ª","Art. 149.1.10ª","Art. 149.1.9ª","Art. 149.1.8ª"]', 0, '', 'MEDIUM', '3c100f50-4fd9-4fee-ae1c-c8560f9932db', 'fd1e1a25-1781-40bc-9ab0-a6eb93f8c56a');
INSERT INTO "questions" (id, question_text, options, correct_index, explanation, difficulty, topic_id, subtopic_id) VALUES ('a470a5ff-44ef-4001-a3bf-cb8e3c234f07', 'De las siguientes entidades, ¿cuál no forma parte de los entes territoriales de existencia obligatoria reconocidos constitucionalmente?', '["La Comarca.","El Municipio.","La Isla.","La Provincia."]', 0, '', 'MEDIUM', '3c100f50-4fd9-4fee-ae1c-c8560f9932db', 'fd1e1a25-1781-40bc-9ab0-a6eb93f8c56a');
INSERT INTO "questions" (id, question_text, options, correct_index, explanation, difficulty, topic_id, subtopic_id) VALUES ('c50529f0-b51f-41d4-a715-9e898cac2185', '¿Qué artículo de la Constitución Española regula la moción de censura?', '["Artículo 99","Artículo 100","Artículo 113","Artículo 112"]', 2, '', 'MEDIUM', '3c100f50-4fd9-4fee-ae1c-c8560f9932db', '46408c3d-224a-447c-935f-060ba74082ef');
INSERT INTO "questions" (id, question_text, options, correct_index, explanation, difficulty, topic_id, subtopic_id) VALUES ('22038659-65c0-4844-b796-3c3e557f6145', 'En la estructura de la Constitución Española, determine el número total de artículos que componen su articulado.', '["167 artículos","165 artículos","171 artículos","169 artículos"]', 3, '', 'MEDIUM', '3c100f50-4fd9-4fee-ae1c-c8560f9932db', '46408c3d-224a-447c-935f-060ba74082ef');
INSERT INTO "questions" (id, question_text, options, correct_index, explanation, difficulty, topic_id, subtopic_id) VALUES ('6e1de8d9-65ec-40ad-a156-fa47bb388550', 'Determine la calificación que se atribuye a la Constitución de 1978 en virtud de que su regulación contiene detalladamente aquellas instituciones o derechos sobre los que existía mayor acuerdo, remitiéndose a ley posterior en otros casos.', '["Consensuada o Integradora","Acabada","Todas las respuesta son correctas","Reformable"]', 0, '', 'MEDIUM', '3c100f50-4fd9-4fee-ae1c-c8560f9932db', '46408c3d-224a-447c-935f-060ba74082ef');
INSERT INTO "questions" (id, question_text, options, correct_index, explanation, difficulty, topic_id, subtopic_id) VALUES ('ef849946-15cf-4c06-a4b9-670259ae36a9', 'Indique el Título de la Constitución que incluye la regulación de las Comunidades Autónomas.', '["Título X","Título VIII","Título VII","Título III"]', 1, '', 'MEDIUM', '3c100f50-4fd9-4fee-ae1c-c8560f9932db', '46408c3d-224a-447c-935f-060ba74082ef');
INSERT INTO "questions" (id, question_text, options, correct_index, explanation, difficulty, topic_id, subtopic_id) VALUES ('6a42e7a9-20e4-4199-be46-df70bc5ba0b8', '¿Qué artículo de la Constitución Española establece que "el Gobierno y cada uno de sus miembros están sometidos a las interpelaciones y preguntas que se formulen en las Cámaras"?', '["Artículo 111","Artículo 112","Artículo 113","Artículo 110"]', 0, '', 'MEDIUM', '3c100f50-4fd9-4fee-ae1c-c8560f9932db', '46408c3d-224a-447c-935f-060ba74082ef');
INSERT INTO "questions" (id, question_text, options, correct_index, explanation, difficulty, topic_id, subtopic_id) VALUES ('c7d14ea8-9e17-438e-984e-f2210a551a0c', '¿Cuál es la consecuencia de la calificación de la Constitución de 1978 como "Extensa"?', '["Que con sus 169 artículos es la segunda más larga de la historia constitucional española","Que con sus 189 artículos es la segunda más larga de la historia constitucional española","Que con sus 189 artículos es la más larga de la historia constitucional española","Que con sus 169 artículos es la más larga de la historia constitucional española"]', 0, '', 'MEDIUM', '3c100f50-4fd9-4fee-ae1c-c8560f9932db', '46408c3d-224a-447c-935f-060ba74082ef');
INSERT INTO "questions" (id, question_text, options, correct_index, explanation, difficulty, topic_id, subtopic_id) VALUES ('37a8cdef-345d-4750-99e2-334923d372e9', 'Según el artículo 14 de la Constitución Española, la prohibición de la discriminación se extiende a diversos motivos. ¿Cuál de los siguientes motivos no es mencionado expresamente en dicho artículo?', '["La opinión política","El nacimiento","La clase social","La condición personal o social"]', 2, '', 'MEDIUM', '3c100f50-4fd9-4fee-ae1c-c8560f9932db', '46408c3d-224a-447c-935f-060ba74082ef');
INSERT INTO "questions" (id, question_text, options, correct_index, explanation, difficulty, topic_id, subtopic_id) VALUES ('4285a049-8bef-48a2-8ac1-3d5dda5f3f49', 'El deber de contribuir al sostenimiento de los gastos públicos, regulado en el artículo 31.1 de la Constitución Española, debe realizarse mediante:', '["Ley Ordinaria","Un sistema de impuestos progresivos y directos","Principios de igualdad y capacidad económica","Un sistema tributario justo"]', 3, '', 'MEDIUM', '3c100f50-4fd9-4fee-ae1c-c8560f9932db', '46408c3d-224a-447c-935f-060ba74082ef');
INSERT INTO "questions" (id, question_text, options, correct_index, explanation, difficulty, topic_id, subtopic_id) VALUES ('ed6ca705-128b-4db2-809d-bc816ade9bc0', '¿Qué contenido tiene el Título VI de la Constitución Española?', '["De las Comunidades Autónomas","Del Tribunal Constitucional","De la economía y Hacienda","Del Poder Judicial"]', 3, '', 'MEDIUM', '3c100f50-4fd9-4fee-ae1c-c8560f9932db', '46408c3d-224a-447c-935f-060ba74082ef');
INSERT INTO "questions" (id, question_text, options, correct_index, explanation, difficulty, topic_id, subtopic_id) VALUES ('18e242d6-ecb5-4b70-971a-96c1ff75a04d', '¿Qué mayoría se requiere para que un Ayuntamiento decida constituirse en Comunidad Autónoma (Ceuta y Melilla)?', '["Mayoría absoluta de sus miembros.","Dos tercios de sus miembros.","Mayoría simple de sus miembros.","Tres quintos de sus miembros."]', 0, '', 'MEDIUM', '3c100f50-4fd9-4fee-ae1c-c8560f9932db', 'fd1e1a25-1781-40bc-9ab0-a6eb93f8c56a');
INSERT INTO "questions" (id, question_text, options, correct_index, explanation, difficulty, topic_id, subtopic_id) VALUES ('d72009ac-eda7-4430-8caa-bf17dddce7b7', 'Según la interpretación del Tribunal Constitucional, la autonomía territorial se entiende como:', '["Un poder ilimitado en función del criterio del respectivo interés.","Un principio que necesariamente debe oponerse al principio de unidad para ser efectivo.","Un poder soberano con límites únicamente establecidos por la propia Constitución.","Un poder que alcanza su verdadero sentido dentro del principio de unidad del Estado."]', 3, '', 'MEDIUM', '3c100f50-4fd9-4fee-ae1c-c8560f9932db', 'fd1e1a25-1781-40bc-9ab0-a6eb93f8c56a');
INSERT INTO "questions" (id, question_text, options, correct_index, explanation, difficulty, topic_id, subtopic_id) VALUES ('107c8ac8-f6f3-4cd9-bb4e-e96bb639bff7', 'El artículo 155.1 CE permite al Estado:', '["La disolución unilateral de los órganos autonómicos.","Adoptar medidas para proteger el interés general cuando una CCAA atente gravemente contra él.","Todas las respuestas son correctas.","Suspender los Estatutos de Autonomía."]', 1, '', 'MEDIUM', '3c100f50-4fd9-4fee-ae1c-c8560f9932db', 'fd1e1a25-1781-40bc-9ab0-a6eb93f8c56a');
INSERT INTO "questions" (id, question_text, options, correct_index, explanation, difficulty, topic_id, subtopic_id) VALUES ('ddcf837f-b870-49e8-8fde-0e7335262d20', '¿Cuál es la norma institucional básica de cada Comunidad Autónoma según el art. 147 CE?', '["La Constitución Española.","La Ley de Bases del Régimen Local.","El Estatuto de Autonomía.","La Ley Orgánica del Régimen Electoral General."]', 2, '', 'MEDIUM', '3c100f50-4fd9-4fee-ae1c-c8560f9932db', 'fd1e1a25-1781-40bc-9ab0-a6eb93f8c56a');
INSERT INTO "questions" (id, question_text, options, correct_index, explanation, difficulty, topic_id, subtopic_id) VALUES ('9bd4a28c-80f0-428b-ac37-8378f5ede763', 'Según el art. 20.1.c LBRL, los órganos de estudio e informe deben existir en municipios de:', '["Más de 20.000 habitantes.","Todos los municipios.","Concejo Abierto.","Más de 5.000 habitantes."]', 3, '', 'MEDIUM', '3c100f50-4fd9-4fee-ae1c-c8560f9932db', 'fd1e1a25-1781-40bc-9ab0-a6eb93f8c56a');
INSERT INTO "questions" (id, question_text, options, correct_index, explanation, difficulty, topic_id, subtopic_id) VALUES ('58f1cf4d-7f8c-42b6-9b20-61c2e1381c71', '¿Quién convoca a Diputados y Senadores para elaborar el Estatuto en el art. 151 CE?', '["Diputaciones.","El Gobierno.","El Rey.","Cortes Generales."]', 1, '', 'MEDIUM', '3c100f50-4fd9-4fee-ae1c-c8560f9932db', 'fd1e1a25-1781-40bc-9ab0-a6eb93f8c56a');
INSERT INTO "questions" (id, question_text, options, correct_index, explanation, difficulty, topic_id, subtopic_id) VALUES ('d6866374-55a0-479a-9991-7203aa914037', 'La Ley Orgánica 5/1985 del Régimen Electoral General fue promulgada en:', '["Junio","Mayo","Diciembre","Abril"]', 0, '', 'MEDIUM', '3c100f50-4fd9-4fee-ae1c-c8560f9932db', 'fd1e1a25-1781-40bc-9ab0-a6eb93f8c56a');
INSERT INTO "questions" (id, question_text, options, correct_index, explanation, difficulty, topic_id, subtopic_id) VALUES ('2a94ca8b-b73b-4054-a516-5b7f92199610', 'En el art. 143 CE, la iniciativa autonómica requiere:', '["Todos los municipios.","Dos tercios de los municipios.","Tres cuartos de los municipios.","La mitad más uno."]', 1, '', 'MEDIUM', '3c100f50-4fd9-4fee-ae1c-c8560f9932db', 'fd1e1a25-1781-40bc-9ab0-a6eb93f8c56a');
INSERT INTO "questions" (id, question_text, options, correct_index, explanation, difficulty, topic_id, subtopic_id) VALUES ('4bbe25e1-2272-4b25-b423-9cac1de46383', 'La naturaleza del Estatuto de Autonomía es:', '["Ley ordinaria autonómica.","Constitución en sentido estricto.","Norma institucional básica y Ley Orgánica estatal.","Soberanía autonómica."]', 2, '', 'MEDIUM', '3c100f50-4fd9-4fee-ae1c-c8560f9932db', 'fd1e1a25-1781-40bc-9ab0-a6eb93f8c56a');
INSERT INTO "questions" (id, question_text, options, correct_index, explanation, difficulty, topic_id, subtopic_id) VALUES ('7b4ec430-ea62-4f2b-a244-237e5d321829', 'La Diputación garantiza secretaría e intervención en municipios de:', '["Todos los municipios.","Menos de 5.000 habitantes.","Menos de 20.000 habitantes.","Menos de 1.000 habitantes."]', 3, '', 'MEDIUM', '3c100f50-4fd9-4fee-ae1c-c8560f9932db', 'fd1e1a25-1781-40bc-9ab0-a6eb93f8c56a');
INSERT INTO "questions" (id, question_text, options, correct_index, explanation, difficulty, topic_id, subtopic_id) VALUES ('bd9fdcee-f430-463f-903d-a513f64f2dbc', 'Los Jueces y Magistrados, mientras se hallen en activo, tienen prohibido desempeñar otros cargos públicos, así como pertenecer a:', '["Partidos políticos o sindicatos.","Órganos gubernativos del Poder Judicial.","Asociaciones profesionales de Jueces.","Organizaciones supranacionales de jueces."]', 0, '', 'MEDIUM', '3c100f50-4fd9-4fee-ae1c-c8560f9932db', '1a1d5394-3e1e-40ac-b4c5-f190d1da897a');
INSERT INTO "questions" (id, question_text, options, correct_index, explanation, difficulty, topic_id, subtopic_id) VALUES ('d1968969-4507-4555-9f20-258956376a4d', 'Con carácter general, en el Tribunal de Instancia con sede en la capital de cada provincia, existirá, según el artículo 87 de la LOPJ:', '["Una Sección de lo Mercantil.","Dos secciones de lo Mercantil.","La jurisdicción Mercantil se autonómica.","Tres secciones de lo Mercantil."]', 0, '', 'MEDIUM', '3c100f50-4fd9-4fee-ae1c-c8560f9932db', '1a1d5394-3e1e-40ac-b4c5-f190d1da897a');
INSERT INTO "questions" (id, question_text, options, correct_index, explanation, difficulty, topic_id, subtopic_id) VALUES ('2893a232-5388-47b2-9f8c-b5192c3493d9', '¿Cuál de los siguientes no es un órgano judicial del orden Contencioso-Administrativo, según el artículo 26 LOPJ?', '["Tribunal Supremo","Tribunales Superiores de Justicia","Audiencia Nacional","Tribunal de Cuentas"]', 3, '', 'MEDIUM', '3c100f50-4fd9-4fee-ae1c-c8560f9932db', '1a1d5394-3e1e-40ac-b4c5-f190d1da897a');
INSERT INTO "questions" (id, question_text, options, correct_index, explanation, difficulty, topic_id, subtopic_id) VALUES ('74eafd58-91bf-4509-96f4-e183d8f2e871', 'Según el artículo 80 de la LOPJ, ¿cuál es el Tribunal que ejerce su jurisdicción en una sola provincia, sin comprender toda la Comunidad Autónoma?', '["Tribunal Provincial.","Todas las respuestas son correctas.","Sección Provincial.","Audiencia Provincial."]', 3, '', 'MEDIUM', '3c100f50-4fd9-4fee-ae1c-c8560f9932db', '1a1d5394-3e1e-40ac-b4c5-f190d1da897a');
INSERT INTO "questions" (id, question_text, options, correct_index, explanation, difficulty, topic_id, subtopic_id) VALUES ('bb94b4b4-7a48-46aa-938b-30ea3381dcc3', 'Los acuerdos del Pleno y de la Comisión Permanente del CGPJ son recurribles, según el artículo 638.2 de la LOPJ, ante:', '["La Audiencia Nacional","El Tribunal Supremo","El Tribunal Constitucional","El Tribunal Superior de Justicia"]', 1, '', 'MEDIUM', '3c100f50-4fd9-4fee-ae1c-c8560f9932db', '1a1d5394-3e1e-40ac-b4c5-f190d1da897a');
INSERT INTO "questions" (id, question_text, options, correct_index, explanation, difficulty, topic_id, subtopic_id) VALUES ('691e9ed5-3c39-45b4-ba7f-a147216b1bb6', 'El Tribunal Supremo está integrado por cinco Salas. ¿Cuál de ellas tiene su legislación específica en la Ley Orgánica 4/1987?', '["La Sala de lo Social.","Todas.","La Sala de lo Penal.","La Sala de lo Militar."]', 3, '', 'MEDIUM', '3c100f50-4fd9-4fee-ae1c-c8560f9932db', '1a1d5394-3e1e-40ac-b4c5-f190d1da897a');
INSERT INTO "questions" (id, question_text, options, correct_index, explanation, difficulty, topic_id, subtopic_id) VALUES ('25579c3a-3187-448a-9b0a-250e984bbd8c', 'En relación con el Tribunal Constitucional, el artículo 163 de la CE se refiere a:', '["La cuestión prejudicial de constitucionalidad.","El recurso de amparo.","Los conflictos de competencia.","El recurso de inconstitucionalidad."]', 0, '', 'MEDIUM', '3c100f50-4fd9-4fee-ae1c-c8560f9932db', '1a1d5394-3e1e-40ac-b4c5-f190d1da897a');
INSERT INTO "questions" (id, question_text, options, correct_index, explanation, difficulty, topic_id, subtopic_id) VALUES ('8421d260-5421-416e-8e94-6ed3b229a106', 'La Sala de lo Civil del Tribunal Supremo es la:', '["Segunda Sala.","Tercera Sala.","Primera Sala.","Cuarta Sala."]', 2, '', 'MEDIUM', '3c100f50-4fd9-4fee-ae1c-c8560f9932db', '1a1d5394-3e1e-40ac-b4c5-f190d1da897a');
INSERT INTO "questions" (id, question_text, options, correct_index, explanation, difficulty, topic_id, subtopic_id) VALUES ('18092938-a756-4a25-b1f1-8fe947592076', 'El ejercicio de la jurisdicción militar se basará en el principio de unidad jurisdiccional y administrará Justicia en el ámbito estrictamente castrense y, según el artículo 117.5 CE, en los supuestos de:', '["La declaración del estado de alarma.","La declaración del estado de sitio.","La declaración del estado de excepción.","La ley orgánica de la Jurisdicción Militar."]', 1, '', 'MEDIUM', '3c100f50-4fd9-4fee-ae1c-c8560f9932db', '1a1d5394-3e1e-40ac-b4c5-f190d1da897a');
INSERT INTO "questions" (id, question_text, options, correct_index, explanation, difficulty, topic_id, subtopic_id) VALUES ('4a716a81-88c1-49b1-8284-e2c3be46ce52', 'El Consejo General del Poder Judicial se renovará en su totalidad, según el artículo 568 de la LOPJ, cada:', '["Cinco años, a contar desde el nombramiento del Presidente.","Cuatro años, a contar desde el nombramiento de los Vocales.","Cuatro años, contados desde la fecha de su constitución.","Cinco años, contados desde la fecha de su constitución."]', 3, '', 'MEDIUM', '3c100f50-4fd9-4fee-ae1c-c8560f9932db', '1a1d5394-3e1e-40ac-b4c5-f190d1da897a');
INSERT INTO "questions" (id, question_text, options, correct_index, explanation, difficulty, topic_id, subtopic_id) VALUES ('75bd01cd-0223-4b72-a2a9-c2c9b2460841', 'De acuerdo con el artículo 117.1 CE, el único órgano al que está sometido el Poder Judicial en el ejercicio de la justicia es:', '["Ninguna respuesta es correcta","El Gobierno","Las Cortes Generales","El Rey"]', 0, '', 'MEDIUM', '3c100f50-4fd9-4fee-ae1c-c8560f9932db', '1a1d5394-3e1e-40ac-b4c5-f190d1da897a');
INSERT INTO "questions" (id, question_text, options, correct_index, explanation, difficulty, topic_id, subtopic_id) VALUES ('882e3f66-b001-41e4-9f03-5b0c9194f8ce', 'El Pleno del CGPJ deberá nombrar por mayoría de tres quintos a los dos Magistrados del Tribunal Constitucional que le corresponde designar:', '["Jefe de la Inspección de Tribunales.","Presidente del Tribunal Supremo y del CGPJ.","Vicepresidente del Tribunal Supremo.","Presidente del Tribunal Supremo y del CGPJ, por mayoría absoluta."]', 1, '', 'MEDIUM', '3c100f50-4fd9-4fee-ae1c-c8560f9932db', '1a1d5394-3e1e-40ac-b4c5-f190d1da897a');
INSERT INTO "questions" (id, question_text, options, correct_index, explanation, difficulty, topic_id, subtopic_id) VALUES ('b4bb8c7a-9bdb-4a1a-93a2-2ae39c128d93', 'El propósito central de las medidas de apoyo a la capacidad de obrar es:', '["Sustituir completamente la voluntad de la persona con discapacidad.","Impedir que participe sin asesoramiento.","Garantizar el manejo exclusivo de sus bienes por un tutor.","Asistir a la persona en el ejercicio de sus derechos, respetando su autonomía y decisiones."]', 3, '', 'MEDIUM', '9c2b45c8-32c8-4a99-ba9b-a1069a2b432a', '6a4d55b0-1832-4298-a365-baceee94e9a9');
INSERT INTO "questions" (id, question_text, options, correct_index, explanation, difficulty, topic_id, subtopic_id) VALUES ('9936925d-b620-40be-b895-545b28186c13', 'Según el artículo 35 del Código Civil, ¿cuándo comienza la personalidad jurídica de las personas jurídicas?', '["Desde que quedan válidamente constituidas conforme a derecho.","Desde la primera reunión.","Desde su inscripción en el Registro Civil.","Desde la aprobación de estatutos."]', 0, '', 'MEDIUM', '9c2b45c8-32c8-4a99-ba9b-a1069a2b432a', '6a4d55b0-1832-4298-a365-baceee94e9a9');
INSERT INTO "questions" (id, question_text, options, correct_index, explanation, difficulty, topic_id, subtopic_id) VALUES ('8570d3fe-49e5-4b39-b1cb-f2c8b867aaab', '¿Qué establece el artículo 43 de la Constitución Española sobre la salud?', '["Limita el acceso a españoles.","Prohíbe servicios privados.","Reconoce el derecho a la protección de la salud.","Establece gratuidad total."]', 2, '', 'MEDIUM', '9c2b45c8-32c8-4a99-ba9b-a1069a2b432a', '6a4d55b0-1832-4298-a365-baceee94e9a9');
INSERT INTO "questions" (id, question_text, options, correct_index, explanation, difficulty, topic_id, subtopic_id) VALUES ('19925ceb-cd2b-495b-8668-6e60e48328de', 'Las personas se clasifican jurídicamente en:', '["Naturales y jurídicas.","Individuos y colectivos.","Públicas y privadas.","Civiles y mercantiles."]', 0, '', 'MEDIUM', '9c2b45c8-32c8-4a99-ba9b-a1069a2b432a', '6a4d55b0-1832-4298-a365-baceee94e9a9');
INSERT INTO "questions" (id, question_text, options, correct_index, explanation, difficulty, topic_id, subtopic_id) VALUES ('e24e1058-686a-4f5e-b82b-780d6fb0fff1', 'Sobre las medidas judiciales de apoyo, ¿cuál es su característica esencial?', '["Son dictadas por notario.","Solo las piden familiares.","Son solo en urgencia sin defensa.","Se tramitan por jurisdicción voluntaria con intervención judicial."]', 3, '', 'MEDIUM', '9c2b45c8-32c8-4a99-ba9b-a1069a2b432a', '6a4d55b0-1832-4298-a365-baceee94e9a9');
INSERT INTO "questions" (id, question_text, options, correct_index, explanation, difficulty, topic_id, subtopic_id) VALUES ('25a112bb-6df7-4a94-bca8-a2900af9882e', '¿Qué es una persona en sentido jurídico?', '["Ente apto para ser titular de derechos y obligaciones.","Clasificación social.","Conjunto de normas.","Instrumento de administración pública."]', 0, '', 'MEDIUM', '9c2b45c8-32c8-4a99-ba9b-a1069a2b432a', '6a4d55b0-1832-4298-a365-baceee94e9a9');
INSERT INTO "questions" (id, question_text, options, correct_index, explanation, difficulty, topic_id, subtopic_id) VALUES ('17566000-10ef-447b-81d1-d5040abb1520', 'En partos múltiples, ¿qué efecto tiene la prioridad del nacimiento?', '["Solo afecta a herencia.","Reconoce derechos al primer nacido.","Da personalidad jurídica.","Da derechos penales."]', 1, '', 'MEDIUM', '9c2b45c8-32c8-4a99-ba9b-a1069a2b432a', '6a4d55b0-1832-4298-a365-baceee94e9a9');
INSERT INTO "questions" (id, question_text, options, correct_index, explanation, difficulty, topic_id, subtopic_id) VALUES ('63a4c5a8-0564-4621-8541-35323cd6fb8d', '¿Qué establece el artículo 32 del Código Civil?', '["Extinción por pérdida de nacionalidad.","Extinción por muerte.","Extinción por renuncia.","Extinción por incapacidad."]', 1, '', 'MEDIUM', '9c2b45c8-32c8-4a99-ba9b-a1069a2b432a', '6a4d55b0-1832-4298-a365-baceee94e9a9');
INSERT INTO "questions" (id, question_text, options, correct_index, explanation, difficulty, topic_id, subtopic_id) VALUES ('b18d17e6-c190-4104-aa45-8d9def62e5f1', 'La capacidad jurídica es:', '["Dependencia de tutela.","Titularidad de derechos y obligaciones desde el nacimiento.","Actuar sin apoyo.","Actuar solo en lo administrativo."]', 1, '', 'MEDIUM', '9c2b45c8-32c8-4a99-ba9b-a1069a2b432a', '6a4d55b0-1832-4298-a365-baceee94e9a9');
INSERT INTO "questions" (id, question_text, options, correct_index, explanation, difficulty, topic_id, subtopic_id) VALUES ('cbe91883-6294-4b89-b178-b2155e42f47d', '¿Qué establece el artículo 29 sobre el concebido no nacido?', '["Puede tener obligaciones.","No tiene derechos.","Tiene personalidad plena.","Se le tiene por nacido para lo favorable si nace con vida."]', 3, '', 'MEDIUM', '9c2b45c8-32c8-4a99-ba9b-a1069a2b432a', '6a4d55b0-1832-4298-a365-baceee94e9a9');
INSERT INTO "questions" (id, question_text, options, correct_index, explanation, difficulty, topic_id, subtopic_id) VALUES ('8db50932-80e1-4198-9af9-eeee3ae105a1', '¿Quiénes no pueden ejercer medidas de apoyo?', '["Quienes prestan servicios asistenciales a la persona.","Sin formación jurídica.","Mayores de 60 años.","Familiares."]', 0, '', 'MEDIUM', '9c2b45c8-32c8-4a99-ba9b-a1069a2b432a', '6a4d55b0-1832-4298-a365-baceee94e9a9');
INSERT INTO "questions" (id, question_text, options, correct_index, explanation, difficulty, topic_id, subtopic_id) VALUES ('e6f562b9-d7bf-4377-a29b-89e24109da44', '¿Cómo se prueba el nacimiento según el art. 30?', '["Sin prueba documental.","Testigos.","Certificado médico.","Actas del Registro Civil."]', 3, '', 'MEDIUM', '9c2b45c8-32c8-4a99-ba9b-a1069a2b432a', '6a4d55b0-1832-4298-a365-baceee94e9a9');
INSERT INTO "questions" (id, question_text, options, correct_index, explanation, difficulty, topic_id, subtopic_id) VALUES ('082317d0-5949-4661-ac9c-8ab194acf106', 'Las medidas de apoyo voluntarias deben formalizarse mediante:', '["Registro sin notario.","Resolución judicial.","Acuerdo verbal.","Escritura pública notarial."]', 3, '', 'MEDIUM', '9c2b45c8-32c8-4a99-ba9b-a1069a2b432a', '6a4d55b0-1832-4298-a365-baceee94e9a9');
INSERT INTO "questions" (id, question_text, options, correct_index, explanation, difficulty, topic_id, subtopic_id) VALUES ('86f37950-3474-438a-8c67-44e21c852686', '¿Qué son derechos de la personalidad?', '["Derechos sobre inmuebles.","Derechos de crédito.","Vida, honor e intimidad.","Propiedad intelectual."]', 2, '', 'MEDIUM', '9c2b45c8-32c8-4a99-ba9b-a1069a2b432a', '6a4d55b0-1832-4298-a365-baceee94e9a9');
INSERT INTO "questions" (id, question_text, options, correct_index, explanation, difficulty, topic_id, subtopic_id) VALUES ('fde17bca-d733-4894-9269-cec0758f9b93', '¿Cuál es la causa de extinción de la personalidad física?', '["Muerte biológica.","Incapacidad.","Insolvencia.","Rehabilitación."]', 0, '', 'MEDIUM', '9c2b45c8-32c8-4a99-ba9b-a1069a2b432a', '6a4d55b0-1832-4298-a365-baceee94e9a9');
INSERT INTO "questions" (id, question_text, options, correct_index, explanation, difficulty, topic_id, subtopic_id) VALUES ('052428f1-177d-42fe-bebd-66ec2e88d49c', '¿Qué medida se aplica cuando el apoyo es continuado?', '["Tutela.","Guarda de hecho.","Defensor judicial.","Curatela."]', 3, '', 'MEDIUM', '9c2b45c8-32c8-4a99-ba9b-a1069a2b432a', '6a4d55b0-1832-4298-a365-baceee94e9a9');
INSERT INTO "questions" (id, question_text, options, correct_index, explanation, difficulty, topic_id, subtopic_id) VALUES ('38ac19c7-d0e7-486b-8238-0449501a4e29', '¿Qué factor es fundamental en medidas de apoyo?', '["Representante obligatorio.","Decisión judicial exclusiva.","Respeto a voluntad y preferencias.","Medidas punitivas."]', 2, '', 'MEDIUM', '9c2b45c8-32c8-4a99-ba9b-a1069a2b432a', '6a4d55b0-1832-4298-a365-baceee94e9a9');
INSERT INTO "questions" (id, question_text, options, correct_index, explanation, difficulty, topic_id, subtopic_id) VALUES ('4aa43ad9-9842-404c-bdf8-565d421f22cb', '¿Qué es la guarda de hecho?', '["Solo para menores.","Medida informal de apoyo.","Requiere autorización judicial.","Medida formal continuada."]', 1, '', 'MEDIUM', '9c2b45c8-32c8-4a99-ba9b-a1069a2b432a', '6a4d55b0-1832-4298-a365-baceee94e9a9');
INSERT INTO "questions" (id, question_text, options, correct_index, explanation, difficulty, topic_id, subtopic_id) VALUES ('1a107aa5-e0a4-4019-8c28-85b3e3d8d8d7', '¿Qué establece el art. 255 sobre medidas voluntarias?', '["Aprobación judicial.","Escritura pública.","Registro mercantil.","Dos testigos."]', 1, '', 'MEDIUM', '9c2b45c8-32c8-4a99-ba9b-a1069a2b432a', '6a4d55b0-1832-4298-a365-baceee94e9a9');
INSERT INTO "questions" (id, question_text, options, correct_index, explanation, difficulty, topic_id, subtopic_id) VALUES ('c411c931-d6f4-4492-b644-c0653807c4b6', '¿Cuándo comienza la personalidad jurídica de una persona física?', '["Nacimiento con vida y desprendimiento completo.","Concepción.","Nacimiento.","Certificado notarial."]', 0, '', 'MEDIUM', '9c2b45c8-32c8-4a99-ba9b-a1069a2b432a', '6a4d55b0-1832-4298-a365-baceee94e9a9');
INSERT INTO "questions" (id, question_text, options, correct_index, explanation, difficulty, topic_id, subtopic_id) VALUES ('94b61a14-0919-420b-861f-443e03623b35', '¿Qué establece el art. 41 sobre domicilio de personas jurídicas?', '["Capital del país.","Lugar de nacimiento.","Registro Civil.","Lugar de actividad principal."]', 3, '', 'MEDIUM', '9c2b45c8-32c8-4a99-ba9b-a1069a2b432a', '6a4d55b0-1832-4298-a365-baceee94e9a9');
INSERT INTO "questions" (id, question_text, options, correct_index, explanation, difficulty, topic_id, subtopic_id) VALUES ('83dce122-11c3-49a4-ab7f-16f526270956', '¿Qué incluye el art. 250?', '["Curatela, defensor judicial y guarda de hecho.","Solo judiciales.","Sin representación.","Aprobadas por el Congreso."]', 0, '', 'MEDIUM', '9c2b45c8-32c8-4a99-ba9b-a1069a2b432a', '6a4d55b0-1832-4298-a365-baceee94e9a9');
INSERT INTO "questions" (id, question_text, options, correct_index, explanation, difficulty, topic_id, subtopic_id) VALUES ('b32a1776-98d5-4aab-a932-330f83142a48', '¿Qué debe hacer el notario en medidas voluntarias?', '["Comunicar al Registro Civil.","Publicar en boletín.","Pedir autorización fiscal.","Guardar sin notificar."]', 0, '', 'MEDIUM', '9c2b45c8-32c8-4a99-ba9b-a1069a2b432a', '6a4d55b0-1832-4298-a365-baceee94e9a9');
INSERT INTO "questions" (id, question_text, options, correct_index, explanation, difficulty, topic_id, subtopic_id) VALUES ('d6e806bf-8551-4f65-ab74-115395b32b2b', '¿Qué establece el art. 38 sobre personas jurídicas?', '["Pueden adquirir bienes.","No contraen obligaciones.","No actúan procesalmente.","No adquieren inmuebles."]', 0, '', 'MEDIUM', '9c2b45c8-32c8-4a99-ba9b-a1069a2b432a', '6a4d55b0-1832-4298-a365-baceee94e9a9');
INSERT INTO "questions" (id, question_text, options, correct_index, explanation, difficulty, topic_id, subtopic_id) VALUES ('4bd23cd1-9519-4fe2-8c89-7a134b5c8564', 'Diferencia entre capacidad jurídica y de obrar:', '["Jurídica post mortem.","Jurídica al nacer y obrar en mayoría de edad.","Jurídica solo adultos.","Jurídica = titularidad; obrar = ejercicio."]', 3, '', 'MEDIUM', '9c2b45c8-32c8-4a99-ba9b-a1069a2b432a', '6a4d55b0-1832-4298-a365-baceee94e9a9');
INSERT INTO "questions" (id, question_text, options, correct_index, explanation, difficulty, topic_id, subtopic_id) VALUES ('3a77dfb7-5bca-45da-b259-a4e5240a6223', '¿Qué incluye el art. 35.1?', '["Solo asociaciones.","Solo fundaciones.","Corporaciones, asociaciones y fundaciones públicas.","Solo corporaciones."]', 2, '', 'MEDIUM', '9c2b45c8-32c8-4a99-ba9b-a1069a2b432a', '6a4d55b0-1832-4298-a365-baceee94e9a9');
INSERT INTO "questions" (id, question_text, options, correct_index, explanation, difficulty, topic_id, subtopic_id) VALUES ('5a345e2a-671e-4ecf-90d3-417749649206', 'Diferencia entre fundaciones y asociaciones:', '["Fundaciones estatales.","Fundaciones con patrimonio para interés general.","Asociaciones lucrativas.","Régimen distinto."]', 1, '', 'MEDIUM', '9c2b45c8-32c8-4a99-ba9b-a1069a2b432a', '6a4d55b0-1832-4298-a365-baceee94e9a9');
INSERT INTO "questions" (id, question_text, options, correct_index, explanation, difficulty, topic_id, subtopic_id) VALUES ('ed0a053b-1a34-4096-a0ac-7b6627f084b2', '¿Requisito para adquirir personalidad jurídica?', '["Constitución válida e inscripción.","Voluntad privada.","Formación jurídica.","Contrato estatal."]', 0, '', 'MEDIUM', '9c2b45c8-32c8-4a99-ba9b-a1069a2b432a', '6a4d55b0-1832-4298-a365-baceee94e9a9');
INSERT INTO "questions" (id, question_text, options, correct_index, explanation, difficulty, topic_id, subtopic_id) VALUES ('44f5e394-7bb4-47f6-97d6-9f79a3b00df0', '¿Quién debe promover la tutela?', '["Solo fiscal.","Parientes y guardadores.","Solo progenitores.","No personas jurídicas."]', 1, '', 'MEDIUM', '9c2b45c8-32c8-4a99-ba9b-a1069a2b432a', '6a4d55b0-1832-4298-a365-baceee94e9a9');
INSERT INTO "questions" (id, question_text, options, correct_index, explanation, difficulty, topic_id, subtopic_id) VALUES ('16241094-cb7b-4b6b-8112-73d9e888668b', '¿Cuándo se adquiere personalidad jurídica?', '["Concepción.","Nacimiento con vida.","Mayoría de edad.","Inscripción."]', 1, '', 'MEDIUM', '9c2b45c8-32c8-4a99-ba9b-a1069a2b432a', '6a4d55b0-1832-4298-a365-baceee94e9a9');
INSERT INTO "questions" (id, question_text, options, correct_index, explanation, difficulty, topic_id, subtopic_id) VALUES ('d5d2de2c-bb81-417d-86d0-5bdc71e698fc', 'Según Ley 8/2021, la capacidad jurídica:', '["Solo mayores.","Solo sin discapacidad.","Sin medidas.","Todas las personas en igualdad."]', 3, '', 'MEDIUM', '9c2b45c8-32c8-4a99-ba9b-a1069a2b432a', '6a4d55b0-1832-4298-a365-baceee94e9a9');
INSERT INTO "questions" (id, question_text, options, correct_index, explanation, difficulty, topic_id, subtopic_id) VALUES ('3f2ebe9b-4fed-4dce-82fd-6c01cdbb44ba', '¿Quién no puede ser tutor?', '["Mayor de 70.","Delito menor.","Excluido por progenitores.","Sin nacionalidad."]', 2, '', 'MEDIUM', '9c2b45c8-32c8-4a99-ba9b-a1069a2b432a', '6a4d55b0-1832-4298-a365-baceee94e9a9');
INSERT INTO "questions" (id, question_text, options, correct_index, explanation, difficulty, topic_id, subtopic_id) VALUES ('f2f1a67b-d2af-4e9f-900e-9e434a079c33', '¿Qué establece el art. 31 sobre partos múltiples?', '["Sin diferencias.","Último tiene prioridad.","Primero tiene derechos de primogénito.","Igualdad total."]', 2, '', 'MEDIUM', '9c2b45c8-32c8-4a99-ba9b-a1069a2b432a', '6a4d55b0-1832-4298-a365-baceee94e9a9');
INSERT INTO "questions" (id, question_text, options, correct_index, explanation, difficulty, topic_id, subtopic_id) VALUES ('40452639-7360-4e83-adba-cc1af2697cf5', '¿Cuándo se extinguen personas jurídicas?', '["Fin del plazo legal.","Nunca.","Solo por juez.","A los 100 años."]', 0, '', 'MEDIUM', '9c2b45c8-32c8-4a99-ba9b-a1069a2b432a', '6a4d55b0-1832-4298-a365-baceee94e9a9');
INSERT INTO "questions" (id, question_text, options, correct_index, explanation, difficulty, topic_id, subtopic_id) VALUES ('258a2a18-5838-4163-9896-0f0f5d9fc24c', '¿Qué deben acreditar las actas del Registro Civil?', '["Bienes.","Notario.","Voluntades.","Fecha, hora, lugar, sexo y filiación."]', 3, '', 'MEDIUM', '9c2b45c8-32c8-4a99-ba9b-a1069a2b432a', '6a4d55b0-1832-4298-a365-baceee94e9a9');
INSERT INTO "questions" (id, question_text, options, correct_index, explanation, difficulty, topic_id, subtopic_id) VALUES ('6846c568-0196-4d8b-98cb-2c50fb3eda1c', '¿Qué atribución permite actuar a personas jurídicas?', '["Subordinación.","Exclusividad estatal.","Capacidad de adquirir derechos y obligaciones.","Medidas penales."]', 2, '', 'MEDIUM', '9c2b45c8-32c8-4a99-ba9b-a1069a2b432a', '6a4d55b0-1832-4298-a365-baceee94e9a9');
INSERT INTO "questions" (id, question_text, options, correct_index, explanation, difficulty, topic_id, subtopic_id) VALUES ('1ca29f8a-5e1b-4905-a585-b60ba441db6f', 'En cuanto al papel de la doctrina de los autores, ¿cómo se describe su función en el sistema jurídico?', '["Como fuente principal y obligatoria del Derecho interno.","Como mandatos jurídicos con fuerza coercitiva comparable a la ley.","Como norma que prevalece sobre la ley en casi de conflicto.","Como opiniones y razonamientos que, pese a no formar norma, pueden influir en la creación y reforma de leyes."]', 3, '', 'MEDIUM', '9c2b45c8-32c8-4a99-ba9b-a1069a2b432a', '9c8e3b71-632a-4ccb-96b7-c540b61ec480');
INSERT INTO "questions" (id, question_text, options, correct_index, explanation, difficulty, topic_id, subtopic_id) VALUES ('8a8c78a0-beaf-450f-be95-82a1acc7b7d4', 'Respecto a los tratados internacionales, ¿qué requisito es indispensable para que sean aplicables en el ordenamiento español?', '["Que sean dictados mediante decretos-leyes.","Que reemplacen a la ley ordinaria.","Que sean aprobados por referéndum popular.","Que se publiquen íntegramente en el Boletín Oficial del Estado."]', 3, '', 'MEDIUM', '9c2b45c8-32c8-4a99-ba9b-a1069a2b432a', '9c8e3b71-632a-4ccb-96b7-c540b61ec480');
INSERT INTO "questions" (id, question_text, options, correct_index, explanation, difficulty, topic_id, subtopic_id) VALUES ('4bf87f78-7c5d-4e2d-b762-a845e334b436', '¿Qué establece el artículo 1.6 del Código Civil sobre la jurisprudencia?', '["Complementará el ordenamiento jurídico con la doctrina del Tribunal Supremo.","Sustituye a la ley en todos los casos.","Es la principal fuente del derecho.","No tiene ninguna relevancia en el ordenamiento jurídico."]', 0, '', 'MEDIUM', '9c2b45c8-32c8-4a99-ba9b-a1069a2b432a', '9c8e3b71-632a-4ccb-96b7-c540b61ec480');
INSERT INTO "questions" (id, question_text, options, correct_index, explanation, difficulty, topic_id, subtopic_id) VALUES ('e24c6fc0-679d-4ee2-90fc-3f06c767f89f', '¿Qué tipo de costumbre regula hechos o situaciones no previstos en las leyes?', '["Costumbre interpretativa o secundum legum.","Costumbre internacional.","Costumbre supletoria o extra legem.","Costumbre derogatoria o contra legem."]', 2, '', 'MEDIUM', '9c2b45c8-32c8-4a99-ba9b-a1069a2b432a', '9c8e3b71-632a-4ccb-96b7-c540b61ec480');
INSERT INTO "questions" (id, question_text, options, correct_index, explanation, difficulty, topic_id, subtopic_id) VALUES ('3b67fe4f-4e1c-4cf5-b2e3-7dd8dc837071', '¿Cuál es el origen etimológico de la palabra “derecho”?', '["Proviene del griego “dikaios”.","Proviene del árabe “haqq”.","Proviene del germánico “recht”.","Proviene del latín “directus\"."]', 3, '', 'MEDIUM', '9c2b45c8-32c8-4a99-ba9b-a1069a2b432a', '9c8e3b71-632a-4ccb-96b7-c540b61ec480');
INSERT INTO "questions" (id, question_text, options, correct_index, explanation, difficulty, topic_id, subtopic_id) VALUES ('0a7532fb-47b2-403f-a847-bc1e3cab0cb3', '¿Qué característica define a una ley constitucional según la Constitución Española?', '["Es la norma suprema del Estado de la que deriva el resto del ordenamiento.","Puede ser promulgada por cualquier órgano legislativo.","Su aprobación, modificación y derogación no requieren procedimientos especiales.","No necesita ser ratificada por el pueblo mediante referéndum."]', 0, '', 'MEDIUM', '9c2b45c8-32c8-4a99-ba9b-a1069a2b432a', '9c8e3b71-632a-4ccb-96b7-c540b61ec480');
INSERT INTO "questions" (id, question_text, options, correct_index, explanation, difficulty, topic_id, subtopic_id) VALUES ('d3dfcba3-93bf-4067-af31-ac10576b156b', 'Los principios generales del Derecho se caracterizan por ser:', '["Sentencias emitidas por el Tribunal Supremo.","Reglas secundarias sin función informadora.","Normas no escritas y fundamentales que orientan la interpretación del resto del ordenamiento jurídico.","Directrices exclusivamente doctrinales sin valor normativo."]', 2, '', 'MEDIUM', '9c2b45c8-32c8-4a99-ba9b-a1069a2b432a', '9c8e3b71-632a-4ccb-96b7-c540b61ec480');
INSERT INTO "questions" (id, question_text, options, correct_index, explanation, difficulty, topic_id, subtopic_id) VALUES ('c0785920-96ce-4e00-a447-5ab6d4ef99e5', '¿Cuál es el papel que desempeña la jurisprudencia en el ordenamiento jurídico español?', '["Es la fuente primaria obligatoria para resolver todos los conflictos jurídicos.","Sustituye a la ley en los casos de lagunas normativas.","Complementa la ley, la costumbre y los principios generales del derecho a través de criterios reiterados en las sentencias del Tribunal Supremo.","Es el conjunto de opiniones doctrinales del Tribunal Constitucional."]', 2, '', 'MEDIUM', '9c2b45c8-32c8-4a99-ba9b-a1069a2b432a', '9c8e3b71-632a-4ccb-96b7-c540b61ec480');
INSERT INTO "questions" (id, question_text, options, correct_index, explanation, difficulty, topic_id, subtopic_id) VALUES ('54268a87-c2f3-4c10-8a8e-7a07787db8c3', '¿Cuál de las siguientes materias se incluye dentro del Derecho civil?', '["Derecho administrativo y derecho penal.","Derecho internacional y derecho comunitario.","Derecho mercantil y derecho laboral.","Derecho de la persona, derecho patrimonial privado, derecho de familia y derecho de sucesiones."]', 3, '', 'MEDIUM', '9c2b45c8-32c8-4a99-ba9b-a1069a2b432a', '9c8e3b71-632a-4ccb-96b7-c540b61ec480');
INSERT INTO "questions" (id, question_text, options, correct_index, explanation, difficulty, topic_id, subtopic_id) VALUES ('d3d5b8bc-4f0f-4d0d-86a0-c2daae2594ad', '¿Cuál es la principal diferencia entre los principios generales del derecho y la costumbre?', '["La costumbre tiene carácter informador del ordenamiento jurídico.","Los principios generales del derecho carecen de formulación escrita.","Los principios generales del derecho requieren del uso para su afirmación.","La costumbre no necesita ser probada para ser aplicada."]', 1, '', 'MEDIUM', '9c2b45c8-32c8-4a99-ba9b-a1069a2b432a', '9c8e3b71-632a-4ccb-96b7-c540b61ec480');
INSERT INTO "questions" (id, question_text, options, correct_index, explanation, difficulty, topic_id, subtopic_id) VALUES ('2b1c93e9-71ca-40b6-9484-90cea1934334', '¿Qué tipo de ley es aprobada por el poder ejecutivo y tiene valor y fuerza de ley?', '["Ley orgánica.","Tratado internacional.","Decreto-ley.","Ley ordinaria."]', 2, '', 'MEDIUM', '9c2b45c8-32c8-4a99-ba9b-a1069a2b432a', '9c8e3b71-632a-4ccb-96b7-c540b61ec480');
INSERT INTO "questions" (id, question_text, options, correct_index, explanation, difficulty, topic_id, subtopic_id) VALUES ('cf9f347d-3471-4206-aed8-295e55831e92', 'En relación con la pirámide de Kelsen, ¿qué nivel se sitúa debajo de la Constitución?', '["Costumbre.","Reglamentos.","Principios generales del derecho.","La ley (orgánica y ordinaria)."]', 3, '', 'MEDIUM', '9c2b45c8-32c8-4a99-ba9b-a1069a2b432a', '9c8e3b71-632a-4ccb-96b7-c540b61ec480');
INSERT INTO "questions" (id, question_text, options, correct_index, explanation, difficulty, topic_id, subtopic_id) VALUES ('1329f3ec-20fa-4899-b871-a5f775159945', '¿Qué se entiende por "fuente formal" del derecho?', '["Costumbres locales y regionales.","Normas jurídicas contenidas en tratados internacionales.","Aquellas que están fuera del propio derecho y son externas.","Aquellas que están dentro del propio derecho y son internas."]', 3, '', 'MEDIUM', '9c2b45c8-32c8-4a99-ba9b-a1069a2b432a', '9c8e3b71-632a-4ccb-96b7-c540b61ec480');
INSERT INTO "questions" (id, question_text, options, correct_index, explanation, difficulty, topic_id, subtopic_id) VALUES ('b0ddde1f-a5de-4e29-b396-85b4e829c916', '¿Qué característica define la delegación legislativa?', '["Se establece de forma indefinida.","Se da por mandato del Tribunal Supremo.","Es otorgada expresamente por el legislador mediante ley.","Se utiliza para reformar la Constitución."]', 2, '', 'MEDIUM', '9c2b45c8-32c8-4a99-ba9b-a1069a2b432a', '9c8e3b71-632a-4ccb-96b7-c540b61ec480');
INSERT INTO "questions" (id, question_text, options, correct_index, explanation, difficulty, topic_id, subtopic_id) VALUES ('ac1ec08f-38c0-46d8-8402-2e5b6c020215', 'Los Decretos Legislativos se caracterizan por:', '["Derivar de la delegación legislativa para refundir varios textos legales en uno solo.","Ser dictados en situaciones de urgente necesidad.","Implicar una reforma total del Código Civil.","Ser autorizados para refundir textos legales."]', 0, '', 'MEDIUM', '9c2b45c8-32c8-4a99-ba9b-a1069a2b432a', '9c8e3b71-632a-4ccb-96b7-c540b61ec480');
INSERT INTO "questions" (id, question_text, options, correct_index, explanation, difficulty, topic_id, subtopic_id) VALUES ('a46dac7c-41fc-4bfb-9370-80b3b7722b67', '¿Cuál es la principal diferencia entre la ley y la costumbre?', '["La ley se basa en repetición de actos.","La ley impone sanciones y la costumbre tradición.","La ley es escrita y la costumbre surge de la repetición social.","La ley es oral y la costumbre escrita."]', 2, '', 'MEDIUM', '9c2b45c8-32c8-4a99-ba9b-a1069a2b432a', '9c8e3b71-632a-4ccb-96b7-c540b61ec480');
INSERT INTO "questions" (id, question_text, options, correct_index, explanation, difficulty, topic_id, subtopic_id) VALUES ('e53cb551-2c73-4f3f-a817-7df49b20195a', '¿Qué establece el artículo 93 de la Constitución Española?', '["Pueden ser aprobados por cualquier órgano.","No tienen relevancia.","No necesitan ratificación.","Pueden atribuir competencias a organizaciones internacionales."]', 3, '', 'MEDIUM', '9c2b45c8-32c8-4a99-ba9b-a1069a2b432a', '9c8e3b71-632a-4ccb-96b7-c540b61ec480');
INSERT INTO "questions" (id, question_text, options, correct_index, explanation, difficulty, topic_id, subtopic_id) VALUES ('2e128a4f-1c06-4e3e-b1ec-7896d5692fca', '¿Qué se entiende por "derecho foral"?', '["Derecho mercantil general.","Derecho local de algunas Comunidades Autónomas.","Derecho internacional.","Derecho penal provincial."]', 1, '', 'MEDIUM', '9c2b45c8-32c8-4a99-ba9b-a1069a2b432a', '9c8e3b71-632a-4ccb-96b7-c540b61ec480');
INSERT INTO "questions" (id, question_text, options, correct_index, explanation, difficulty, topic_id, subtopic_id) VALUES ('5a7f2f03-c702-4a19-ae61-88b45de499ab', '¿Qué es la codificación en derecho?', '["Publicación en el BOE.","Simplificación de leyes en un código.","Elaboración por jueces.","Creación de leyes individuales."]', 1, '', 'MEDIUM', '9c2b45c8-32c8-4a99-ba9b-a1069a2b432a', '9c8e3b71-632a-4ccb-96b7-c540b61ec480');
INSERT INTO "questions" (id, question_text, options, correct_index, explanation, difficulty, topic_id, subtopic_id) VALUES ('95756a29-6a67-4850-b916-be11c4c1a4fd', 'En relación con la costumbre, ¿cuál es correcta?', '["Tiene prioridad sobre la ley.","Se aplica en derecho penal.","Es siempre escrita.","Solo se aplica en defecto de ley y sin contradecir moral u orden público."]', 3, '', 'MEDIUM', '9c2b45c8-32c8-4a99-ba9b-a1069a2b432a', '9c8e3b71-632a-4ccb-96b7-c540b61ec480');
INSERT INTO "questions" (id, question_text, options, correct_index, explanation, difficulty, topic_id, subtopic_id) VALUES ('7d16999a-8301-4dbe-911e-ce8442ed01dc', '¿Qué función tienen los principios generales del derecho?', '["Informan y orientan la creación e interpretación de normas.","Son la principal fuente.","No tienen función.","Dictan conductas primarias."]', 0, '', 'MEDIUM', '9c2b45c8-32c8-4a99-ba9b-a1069a2b432a', '9c8e3b71-632a-4ccb-96b7-c540b61ec480');
INSERT INTO "questions" (id, question_text, options, correct_index, explanation, difficulty, topic_id, subtopic_id) VALUES ('a3360628-2bc7-489d-bbc9-4dc47550afa8', '¿Cuál es el principio fundamental del Estado de Derecho?', '["Principio de legalidad.","Costumbre.","Interpretación judicial.","Coacción social."]', 0, '', 'MEDIUM', '9c2b45c8-32c8-4a99-ba9b-a1069a2b432a', '9c8e3b71-632a-4ccb-96b7-c540b61ec480');
INSERT INTO "questions" (id, question_text, options, correct_index, explanation, difficulty, topic_id, subtopic_id) VALUES ('71636a07-4e02-49a8-a0f3-c3cf1c725b86', '¿Cuál es el carácter de la ley según el documento?', '["Debe ser promulgada por el Gobierno.","Debe tener contenido moral acorde al derecho natural.","Debe ser conocida por todos.","Debe ser específica."]', 1, '', 'MEDIUM', '9c2b45c8-32c8-4a99-ba9b-a1069a2b432a', '9c8e3b71-632a-4ccb-96b7-c540b61ec480');
INSERT INTO "questions" (id, question_text, options, correct_index, explanation, difficulty, topic_id, subtopic_id) VALUES ('3b804b13-fe91-46e2-9007-280b191678dc', '¿Qué establece el artículo 1 del Código Civil?', '["Ley y doctrina.","Ley, costumbre y principios generales del derecho.","Costumbre y jurisprudencia.","Ley, política y moral."]', 1, '', 'MEDIUM', '9c2b45c8-32c8-4a99-ba9b-a1069a2b432a', '9c8e3b71-632a-4ccb-96b7-c540b61ec480');
INSERT INTO "questions" (id, question_text, options, correct_index, explanation, difficulty, topic_id, subtopic_id) VALUES ('c390e5ae-e68a-4529-af8e-d50dc704d659', 'En Derecho civil, ¿qué es una fuente primaria?', '["Opiniones de juristas.","Fuentes subsidiarias.","Costumbre y jurisprudencia.","Normas que se aplican en primer lugar, como la ley."]', 3, '', 'MEDIUM', '9c2b45c8-32c8-4a99-ba9b-a1069a2b432a', '9c8e3b71-632a-4ccb-96b7-c540b61ec480');
INSERT INTO "questions" (id, question_text, options, correct_index, explanation, difficulty, topic_id, subtopic_id) VALUES ('e6433078-a2f3-4e24-8aa1-5f8df2119225', 'Según Hans Kelsen, ¿qué es el derecho?', '["Suma de leyes interpretadas.","Norma de conducta que regula la coacción social.","Conjunto de derechos humanos.","Tradición jurídica."]', 1, '', 'MEDIUM', '9c2b45c8-32c8-4a99-ba9b-a1069a2b432a', '9c8e3b71-632a-4ccb-96b7-c540b61ec480');
INSERT INTO "questions" (id, question_text, options, correct_index, explanation, difficulty, topic_id, subtopic_id) VALUES ('2fabf5d0-cbc7-48e2-ac8b-ec7f3077e7dd', '¿Qué establece el artículo 1 del Código Civil?', '["Ley, costumbre y jurisprudencia.","Ley, costumbre y principios generales del derecho.","Ley, tratados y costumbre.","Ley, doctrina y principios."]', 1, '', 'MEDIUM', '9c2b45c8-32c8-4a99-ba9b-a1069a2b432a', '9c8e3b71-632a-4ccb-96b7-c540b61ec480');
INSERT INTO "questions" (id, question_text, options, correct_index, explanation, difficulty, topic_id, subtopic_id) VALUES ('df393120-9d31-4bcf-992b-1b867d7a9e44', '¿Qué carácter tiene la ley en su función normativa?', '["Obligatoriedad con sanción.","Subordinación a la costumbre.","Solo ámbito privado.","Exclusividad legislativa."]', 0, '', 'MEDIUM', '9c2b45c8-32c8-4a99-ba9b-a1069a2b432a', '9c8e3b71-632a-4ccb-96b7-c540b61ec480');
INSERT INTO "questions" (id, question_text, options, correct_index, explanation, difficulty, topic_id, subtopic_id) VALUES ('8cf5d98e-8e75-45c9-9270-849dd092de6c', '¿Qué se requiere para que exista jurisprudencia?', '["Una sentencia.","Una ley.","Dos sentencias con criterio uniforme.","Un tratado."]', 2, '', 'MEDIUM', '9c2b45c8-32c8-4a99-ba9b-a1069a2b432a', '9c8e3b71-632a-4ccb-96b7-c540b61ec480');
INSERT INTO "questions" (id, question_text, options, correct_index, explanation, difficulty, topic_id, subtopic_id) VALUES ('f1f4d9d8-2be0-4b37-8ba4-387163102be3', '¿Cuál es la fuente material del derecho según la Constitución Española?', '["Gobierno.","Cortes Generales.","Pueblo español.","Tribunal Supremo."]', 2, '', 'MEDIUM', '9c2b45c8-32c8-4a99-ba9b-a1069a2b432a', '9c8e3b71-632a-4ccb-96b7-c540b61ec480');
INSERT INTO "questions" (id, question_text, options, correct_index, explanation, difficulty, topic_id, subtopic_id) VALUES ('624701c1-c00e-4b2a-a0bc-1a2e737d44f6', '¿Qué materias regulan las leyes orgánicas?', '["Régimen autonómico.","Presupuestos.","Tratados.","Derechos fundamentales y libertades públicas."]', 3, '', 'MEDIUM', '9c2b45c8-32c8-4a99-ba9b-a1069a2b432a', '9c8e3b71-632a-4ccb-96b7-c540b61ec480');
INSERT INTO "questions" (id, question_text, options, correct_index, explanation, difficulty, topic_id, subtopic_id) VALUES ('46f3600e-1f54-4082-b3b9-498c7945019d', '¿Cuál es una característica esencial de la costumbre?', '["Repetición constante de actos.","Prevalece sobre la ley.","Es escrita.","Surge de decretos."]', 0, '', 'MEDIUM', '9c2b45c8-32c8-4a99-ba9b-a1069a2b432a', '9c8e3b71-632a-4ccb-96b7-c540b61ec480');
INSERT INTO "questions" (id, question_text, options, correct_index, explanation, difficulty, topic_id, subtopic_id) VALUES ('3112a97e-8faa-47e1-bb33-6b530aa89cd9', '¿Cuál es la jerarquía correcta según el Código Civil?', '["Ley, costumbre y principios generales del derecho.","Costumbre, ley y doctrina.","Ley, costumbre, principios y doctrina.","Constitución, ley, costumbre y principios."]', 0, '', 'MEDIUM', '9c2b45c8-32c8-4a99-ba9b-a1069a2b432a', '9c8e3b71-632a-4ccb-96b7-c540b61ec480');
INSERT INTO "questions" (id, question_text, options, correct_index, explanation, difficulty, topic_id, subtopic_id) VALUES ('b27f27bf-24fb-4ed7-b026-48d22a9d2cd5', '¿Cuál es una de las Comisiones obligatorias del CGPJ según el artículo 609 LOPJ?', '["Comisión de Igualdad","Comisión de Transparencia","Comisión de Asuntos Económicos","Comisión Permanente"]', 2, '', 'MEDIUM', '3c100f50-4fd9-4fee-ae1c-c8560f9932db', '1a1d5394-3e1e-40ac-b4c5-f190d1da897a');
INSERT INTO "questions" (id, question_text, options, correct_index, explanation, difficulty, topic_id, subtopic_id) VALUES ('f25f3b07-729b-4d48-81b9-49a6336b19b4', 'Los acuerdos de los órganos colegiados del CGPJ se adoptan por mayoría absoluta salvo en el nombramiento de:', '["Presidentes de Sala y Magistrados del Tribunal Supremo.","El Director de la Escuela Judicial.","Presidentes del Pleno y Magistrados del Tribunal Supremo.","Vocales del turno judicial."]', 0, '', 'MEDIUM', '3c100f50-4fd9-4fee-ae1c-c8560f9932db', '1a1d5394-3e1e-40ac-b4c5-f190d1da897a');
INSERT INTO "questions" (id, question_text, options, correct_index, explanation, difficulty, topic_id, subtopic_id) VALUES ('9b949fe7-5cce-4375-9089-2a1b86704005', 'La LOPJ se establece en desarrollo de lo previsto en el artículo:', '["127.1 CE","123.1 CE","117.1 CE","122.1 CE"]', 3, '', 'MEDIUM', '3c100f50-4fd9-4fee-ae1c-c8560f9932db', '1a1d5394-3e1e-40ac-b4c5-f190d1da897a');
INSERT INTO "questions" (id, question_text, options, correct_index, explanation, difficulty, topic_id, subtopic_id) VALUES ('dbaab083-2359-4560-a0dc-7b3eea8286e1', '¿Qué sección del Tribunal de Instancia se ocupa de delitos contra la mujer según el artículo 89 LOPJ?', '["Secciones de Instrucción.","Secciones de Familia, Infancia y Capacidad.","Secciones de Violencia sobre la Mujer.","Secciones de lo Penal."]', 2, '', 'MEDIUM', '3c100f50-4fd9-4fee-ae1c-c8560f9932db', '1a1d5394-3e1e-40ac-b4c5-f190d1da897a');
INSERT INTO "questions" (id, question_text, options, correct_index, explanation, difficulty, topic_id, subtopic_id) VALUES ('47abbe1c-342c-4d92-a0b5-a1f65a9ac629', '¿Qué Tribunal es consuetudinario y tradicional en España según el artículo 19 LOPJ?', '["El Tribunal de las Aguas de Valencia.","El Tribunal Europeo de Derechos Humanos.","El Tribunal Central de Instancia.","El Tribunal Militar Central."]', 0, '', 'MEDIUM', '3c100f50-4fd9-4fee-ae1c-c8560f9932db', '1a1d5394-3e1e-40ac-b4c5-f190d1da897a');
INSERT INTO "questions" (id, question_text, options, correct_index, explanation, difficulty, topic_id, subtopic_id) VALUES ('9650554d-ee42-40cb-abb7-30491626880d', '¿Qué requisito no es imprescindible para ser Juez de Paz según el artículo 102 LOPJ?', '["No estar incurso en incompatibilidad.","Ser licenciado en Derecho.","No estar incurso en incapacidad.","Reunir requisitos de la carrera judicial."]', 1, '', 'MEDIUM', '3c100f50-4fd9-4fee-ae1c-c8560f9932db', '1a1d5394-3e1e-40ac-b4c5-f190d1da897a');
INSERT INTO "questions" (id, question_text, options, correct_index, explanation, difficulty, topic_id, subtopic_id) VALUES ('874e9c35-d05e-4db2-8503-36928786de57', '¿Qué atribución corresponde a las Salas del Tribunal Supremo?', '["Todas las respuestas son correctas.","Conocer recursos de casación, revisión y extraordinarios.","Conocer recursos de amparo.","Enjuiciar altos cargos militares."]', 1, '', 'MEDIUM', '3c100f50-4fd9-4fee-ae1c-c8560f9932db', '1a1d5394-3e1e-40ac-b4c5-f190d1da897a');
INSERT INTO "questions" (id, question_text, options, correct_index, explanation, difficulty, topic_id, subtopic_id) VALUES ('8dce9e90-5ca0-47a5-9e0b-64f7a3fad36c', '¿Qué requisito se exige para ser Presidente del TS y CGPJ en el turno de juristas?', '["Magistrado del TS con 15 años.","Jurista con 25 años de ejercicio.","Magistrado del TS con requisitos de presidente de sala.","Jurista con 20 años de ejercicio."]', 1, '', 'MEDIUM', '3c100f50-4fd9-4fee-ae1c-c8560f9932db', '1a1d5394-3e1e-40ac-b4c5-f190d1da897a');
INSERT INTO "questions" (id, question_text, options, correct_index, explanation, difficulty, topic_id, subtopic_id) VALUES ('10ecec00-a303-4a74-9cd9-78c533398623', 'El principio de igualdad territorial del art. 139 CE establece:', '["Igualdad absoluta de derechos.","Igualdad fiscal.","Igualdad de derechos y obligaciones en todo el territorio.","Autonomía normativa."]', 2, '', 'MEDIUM', '3c100f50-4fd9-4fee-ae1c-c8560f9932db', 'fd1e1a25-1781-40bc-9ab0-a6eb93f8c56a');
INSERT INTO "questions" (id, question_text, options, correct_index, explanation, difficulty, topic_id, subtopic_id) VALUES ('1afe120a-eec5-4d92-8c99-0c5d8c3d721b', 'La defensa y Fuerzas Armadas es competencia del Estado según:', '["Admite desarrollo autonómico.","Básica autonómica.","Ejecutiva autonómica.","Exclusiva del Estado."]', 3, '', 'MEDIUM', '3c100f50-4fd9-4fee-ae1c-c8560f9932db', 'fd1e1a25-1781-40bc-9ab0-a6eb93f8c56a');
INSERT INTO "questions" (id, question_text, options, correct_index, explanation, difficulty, topic_id, subtopic_id) VALUES ('7ebf9c2a-b633-47ef-a3f4-a1f6cd427d7d', 'El Estatuto de Autonomía se aprueba como:', '["Ley ordinaria.","Ley Orgánica.","Decreto.","Real Decreto."]', 1, '', 'MEDIUM', '3c100f50-4fd9-4fee-ae1c-c8560f9932db', 'fd1e1a25-1781-40bc-9ab0-a6eb93f8c56a');
INSERT INTO "questions" (id, question_text, options, correct_index, explanation, difficulty, topic_id, subtopic_id) VALUES ('b9b6e5fc-c07e-48d7-b873-4e17e3ef9df1', 'El Estado tiene competencia exclusiva sobre el sistema monetario que incluye:', '["Solo divisas.","Solo bases financieras.","Divisas y bases de crédito, banca y seguros.","Solo emisión de moneda."]', 2, '', 'MEDIUM', '3c100f50-4fd9-4fee-ae1c-c8560f9932db', 'fd1e1a25-1781-40bc-9ab0-a6eb93f8c56a');
INSERT INTO "questions" (id, question_text, options, correct_index, explanation, difficulty, topic_id, subtopic_id) VALUES ('568526ff-1922-4e2b-a7dd-6bba710cc9b3', 'La protección del medio ambiente permite a las CCAA:', '["Legislación básica.","Normas adicionales de protección.","Solo ejecución.","Sin competencias."]', 1, '', 'MEDIUM', '3c100f50-4fd9-4fee-ae1c-c8560f9932db', 'fd1e1a25-1781-40bc-9ab0-a6eb93f8c56a');
INSERT INTO "questions" (id, question_text, options, correct_index, explanation, difficulty, topic_id, subtopic_id) VALUES ('70d91437-a547-4701-b000-cf75b792ca6c', 'El Tribunal Constitucional es regulado por la LO:', '["1/1979","2/1979","3/1979","4/1979"]', 1, '', 'MEDIUM', '3c100f50-4fd9-4fee-ae1c-c8560f9932db', 'fd1e1a25-1781-40bc-9ab0-a6eb93f8c56a');
INSERT INTO "questions" (id, question_text, options, correct_index, explanation, difficulty, topic_id, subtopic_id) VALUES ('2d02e917-063d-41c3-9ed9-28013d29e457', 'El Estatuto de Autonomía se reforma mediante:', '["Decreto legislativo","Ley ordinaria","Ley Orgánica","Real Decreto"]', 2, '', 'MEDIUM', '3c100f50-4fd9-4fee-ae1c-c8560f9932db', 'fd1e1a25-1781-40bc-9ab0-a6eb93f8c56a');
INSERT INTO "questions" (id, question_text, options, correct_index, explanation, difficulty, topic_id, subtopic_id) VALUES ('fcc6c86b-2cc2-4dbc-ba97-ebbc3b7491d4', 'Los presupuestos de la Diputación los aprueba:', '["Junta de Gobierno","Pleno","Presidente","Comisión"]', 1, '', 'MEDIUM', '3c100f50-4fd9-4fee-ae1c-c8560f9932db', 'fd1e1a25-1781-40bc-9ab0-a6eb93f8c56a');
INSERT INTO "questions" (id, question_text, options, correct_index, explanation, difficulty, topic_id, subtopic_id) VALUES ('8f9fd945-ec0d-47f4-8baf-072ccd428583', 'El medio ambiente permite a las CCAA:', '["Legislación básica","Normas adicionales de protección","Solo ejecución","Sin competencia"]', 1, '', 'MEDIUM', '3c100f50-4fd9-4fee-ae1c-c8560f9932db', 'fd1e1a25-1781-40bc-9ab0-a6eb93f8c56a');
INSERT INTO "questions" (id, question_text, options, correct_index, explanation, difficulty, topic_id, subtopic_id) VALUES ('535e4a85-0b66-43c5-859c-d5a487e60e4c', 'La creación de ordenamiento jurídico autonómico es:', '["Poder judicial","Poder ejecutivo","Poder reglamentario","Poder legislativo"]', 3, '', 'MEDIUM', '3c100f50-4fd9-4fee-ae1c-c8560f9932db', 'fd1e1a25-1781-40bc-9ab0-a6eb93f8c56a');
INSERT INTO "questions" (id, question_text, options, correct_index, explanation, difficulty, topic_id, subtopic_id) VALUES ('13128813-131e-4508-9d8d-b845968295e3', '¿Cuál es el órgano supremo consultivo del Gobierno según la Ley Orgánica 3/1980?', '["El Consejo de Estado","El Senado","El Congreso de los Diputados","El Tribunal Constitucional"]', 0, '', 'MEDIUM', 'c0652ae1-a9b6-4d8f-b7ca-50bc16631309', '693cb876-ab58-42ee-b3b5-225df365fbc6');
INSERT INTO "questions" (id, question_text, options, correct_index, explanation, difficulty, topic_id, subtopic_id) VALUES ('65365672-04b3-4789-8a78-240f61603c5a', '¿Qué tipo de reglamento se dicta en ejecución de una ley y requiere el informe preceptivo del Consejo de Estado?', '["Reglamento ejecutivo","Reglamento de necesidad","Reglamento administrativo","Reglamento independiente"]', 0, '', 'MEDIUM', 'c0652ae1-a9b6-4d8f-b7ca-50bc16631309', '693cb876-ab58-42ee-b3b5-225df365fbc6');
INSERT INTO "questions" (id, question_text, options, correct_index, explanation, difficulty, topic_id, subtopic_id) VALUES ('7b78c2f2-cefc-4cbb-bb10-6f69438a480a', 'Las Circulares e Instrucciones de Servicios se regulan en:', '["La Ley 40/2015","La Constitución Española","El Código Civil","La Ley 39/2015"]', 0, '', 'MEDIUM', 'c0652ae1-a9b6-4d8f-b7ca-50bc16631309', '693cb876-ab58-42ee-b3b5-225df365fbc6');
INSERT INTO "questions" (id, question_text, options, correct_index, explanation, difficulty, topic_id, subtopic_id) VALUES ('55485e80-d3f7-437f-b0cf-ee987ed7dcad', '¿Qué establece el artículo 128 de la Ley 39/2015 sobre la potestad reglamentaria?', '["No puede vulnerar la Constitución o las leyes","Corresponde al Gobierno de la Nación","Corresponde a los órganos de Gobierno de las CCAA y locales","Todas las anteriores"]', 3, '', 'MEDIUM', 'c0652ae1-a9b6-4d8f-b7ca-50bc16631309', '693cb876-ab58-42ee-b3b5-225df365fbc6');
INSERT INTO "questions" (id, question_text, options, correct_index, explanation, difficulty, topic_id, subtopic_id) VALUES ('20e30ab8-51ad-4aee-a50f-e57059922e7c', 'Las Leyes de Transferencia o Delegación son:', '["Leyes orgánicas","Reales Decretos","Leyes ordinarias","Leyes-marco"]', 0, '', 'MEDIUM', 'c0652ae1-a9b6-4d8f-b7ca-50bc16631309', '693cb876-ab58-42ee-b3b5-225df365fbc6');
INSERT INTO "questions" (id, question_text, options, correct_index, explanation, difficulty, topic_id, subtopic_id) VALUES ('6847cea9-1ca7-4c4e-b80f-74463e36c16e', '¿Qué tipo de reglamento se dicta para hacer frente a situaciones extraordinarias?', '["Reglamentos ejecutivos","Reglamentos administrativos","Reglamentos de urgencia","Todas son incorrectas"]', 3, '', 'MEDIUM', 'c0652ae1-a9b6-4d8f-b7ca-50bc16631309', '693cb876-ab58-42ee-b3b5-225df365fbc6');
INSERT INTO "questions" (id, question_text, options, correct_index, explanation, difficulty, topic_id, subtopic_id) VALUES ('26bb13db-0e65-4072-86ff-95d1f82221d5', '¿Cuál de las siguientes no es una fuente directa primaria del derecho administrativo?', '["Las Leyes Orgánicas","Los Reales Decretos","La Constitución","Todas son fuentes primarias"]', 3, '', 'MEDIUM', 'c0652ae1-a9b6-4d8f-b7ca-50bc16631309', '693cb876-ab58-42ee-b3b5-225df365fbc6');
INSERT INTO "questions" (id, question_text, options, correct_index, explanation, difficulty, topic_id, subtopic_id) VALUES ('4e70f0ca-cd40-462a-8b53-c4c143461985', '¿Qué artículo de la Constitución Española establece el principio de jerarquía normativa?', '["Artículo 97","Artículo 9.3","Artículo 86","Artículo 150.1"]', 1, '', 'MEDIUM', 'c0652ae1-a9b6-4d8f-b7ca-50bc16631309', '693cb876-ab58-42ee-b3b5-225df365fbc6');
INSERT INTO "questions" (id, question_text, options, correct_index, explanation, difficulty, topic_id, subtopic_id) VALUES ('07e132be-e83b-4e7a-9d12-b7cf0e1ab8a4', '¿Qué tipo de leyes pueden facultar a las Comunidades Autónomas para legislar en materias de competencia estatal?', '["Leyes Orgánicas","Leyes Ordinarias","Leyes de Transferencia","Leyes-Marco"]', 3, '', 'MEDIUM', 'c0652ae1-a9b6-4d8f-b7ca-50bc16631309', '693cb876-ab58-42ee-b3b5-225df365fbc6');
INSERT INTO "questions" (id, question_text, options, correct_index, explanation, difficulty, topic_id, subtopic_id) VALUES ('91eb90b2-29fd-4348-a040-f46aa89be93c', '¿Cuál de las siguientes no es una fuente directa del Derecho Administrativo?', '["Las Leyes Orgánicas","La Constitución","Los Principios Generales del Derecho","Los Reales Decretos"]', 2, '', 'MEDIUM', 'c0652ae1-a9b6-4d8f-b7ca-50bc16631309', '693cb876-ab58-42ee-b3b5-225df365fbc6');
INSERT INTO "questions" (id, question_text, options, correct_index, explanation, difficulty, topic_id, subtopic_id) VALUES ('da3f3276-0be9-49ab-b459-f72e82152d4f', '¿En qué plazo deberá dictarse y notificarse la resolución del recurso de alzada?', '["En un plazo máximo de treinta días.","En un plazo máximo de tres meses.","En un plazo máximo de un mes.","En un plazo máximo de dos meses."]', 1, '', 'MEDIUM', 'c0652ae1-a9b6-4d8f-b7ca-50bc16631309', 'f09b17c9-c092-4335-b303-8ebb8b2db746');
INSERT INTO "questions" (id, question_text, options, correct_index, explanation, difficulty, topic_id, subtopic_id) VALUES ('bda078c8-2ce5-4f80-90cd-6927afa70f18', 'Salvo disposición expresa en contrario, ¿cómo será la emisión de informes?', '["Facultativos y no vinculantes.","Preceptivos y vinculantes.","Facultativos y vinculantes.","Preceptivos y no vinculantes."]', 0, '', 'MEDIUM', 'c0652ae1-a9b6-4d8f-b7ca-50bc16631309', 'f09b17c9-c092-4335-b303-8ebb8b2db746');
INSERT INTO "questions" (id, question_text, options, correct_index, explanation, difficulty, topic_id, subtopic_id) VALUES ('8c9efa55-c2fd-4ddd-9575-f838211b7203', '¿Hasta cuántos días podrá ser ampliado el plazo para subsanar la falta o acompañamiento de documentos preceptivos en el procedimiento administrativo cuando su aportación presentare dificultades especiales?', '["Hasta cinco días.","Hasta diez días.","Hasta tres días.","Hasta quince días."]', 0, '', 'MEDIUM', 'c0652ae1-a9b6-4d8f-b7ca-50bc16631309', 'f09b17c9-c092-4335-b303-8ebb8b2db746');
INSERT INTO "questions" (id, question_text, options, correct_index, explanation, difficulty, topic_id, subtopic_id) VALUES ('a4cf43a0-3c7b-47fc-8ef5-2efbe02d2513', '¿Cuál es la primera fase del procedimiento administrativo?', '["Iniciación","Finalización","Instrucción","Ordenación"]', 0, '', 'MEDIUM', 'c0652ae1-a9b6-4d8f-b7ca-50bc16631309', 'f09b17c9-c092-4335-b303-8ebb8b2db746');
INSERT INTO "questions" (id, question_text, options, correct_index, explanation, difficulty, topic_id, subtopic_id) VALUES ('1d66ce37-172e-49ac-8f5c-fdb8b7e48156', '¿En qué artículo de la Ley del Procedimiento Administrativo Común de las Administraciones Públicas se regula la tramitación simplificada del procedimiento administrativo común?', '["En el artículo 98.","En el artículo 96.","En el artículo 97.","En el artículo 95."]', 1, '', 'MEDIUM', 'c0652ae1-a9b6-4d8f-b7ca-50bc16631309', 'f09b17c9-c092-4335-b303-8ebb8b2db746');
INSERT INTO "questions" (id, question_text, options, correct_index, explanation, difficulty, topic_id, subtopic_id) VALUES ('47b5c711-9d21-4b58-a87f-8f0710159e12', '¿Qué artículo regula los medios y período de prueba?', '["Artículo 75","Artículo 76","Artículo 78","Artículo 77"]', 3, '', 'MEDIUM', 'c0652ae1-a9b6-4d8f-b7ca-50bc16631309', 'f09b17c9-c092-4335-b303-8ebb8b2db746');
INSERT INTO "questions" (id, question_text, options, correct_index, explanation, difficulty, topic_id, subtopic_id) VALUES ('2183a5f7-8839-4430-958e-b5144f5d6418', '¿Cuándo se entenderá por desestimado el recurso extraordinario de revisión?', '["Transcurrido el plazo de seis meses desde la interposición del recurso sin resolución.","Transcurrido el plazo de cuatro meses desde la interposición del recurso sin resolución.","Transcurrido el plazo de tres meses desde la interposición del recurso sin resolución.","Transcurrido el plazo de un mes desde la interposición del recurso sin resolución."]', 2, '', 'MEDIUM', 'c0652ae1-a9b6-4d8f-b7ca-50bc16631309', 'f09b17c9-c092-4335-b303-8ebb8b2db746');
INSERT INTO "questions" (id, question_text, options, correct_index, explanation, difficulty, topic_id, subtopic_id) VALUES ('89cc4af1-cd3e-4819-a587-9df4738bcc91', '¿Bajo qué criterios se realizará la valoración de los medios de prueba en el procedimiento administrativo?', '["Código Civil","Ley de Enjuiciamiento Criminal","Código Penal","Ley de Enjuiciamiento Civil"]', 3, '', 'MEDIUM', 'c0652ae1-a9b6-4d8f-b7ca-50bc16631309', 'f09b17c9-c092-4335-b303-8ebb8b2db746');
